Container	Name
Forms	9-ПС
Forms	Dop
Forms	Dop_old
Forms	dummy
Forms	OpenDB
Forms	paramobl
Forms	paramoes
Forms	Q
Forms	Qop
Forms	topl
Forms	U
Forms	W
Forms	Анализ_по_областям
Forms	Выбор_варианта
Forms	Выбор_из_списка
Forms	Выбор_из_списка_м
Forms	Выбор_объекта
Forms	Выборка распределений
Forms	Выборка расчет
Forms	Годы
Forms	Города
Forms	Дефициты
Forms	Диаграмма
Forms	Диаграмма_расчет
Forms	Диалог_для_справки
Forms	Для_фильтра
Forms	Замена_базового_года
Forms	Источники_тепла
Forms	Итог
Forms	ИтогХ
Forms	Конфигурация(справка)
Forms	марки
Forms	Настройка_отчета
Forms	Ограничения
Forms	Перетоки
Forms	подчиненная форма Имена_станций
Forms	Пром_потребители
Forms	Различия с отчетом
Forms	Распределяемое_тепло
Forms	Расчет
Forms	Редактирование
Forms	Редактирование_старая
Forms	Списки
Forms	Список_вариантов
Forms	Список_запросов
Forms	Список_макетов
Forms	Список_объектов
Forms	список_станций
Forms	Список_условий
Forms	Справка_для_редактирования
Forms	Справка_расчет
Forms	Статистика
Forms	Тепло
Forms	Тепло(отчет)
Forms	Тепло(ОЭС)
Forms	Тепло(расчет)
Forms	Тепло(станции)
Forms	Теплопотребление
Forms	Топливо
Forms	Топливо(станции)
Forms	Турбины
Forms	Турбины_1
Forms	Условие
Forms	Фиксированные_часы
Forms	Часы
Forms	ээ
Reports	Восток
Reports	Восток(анализ_и_прогноз)
Reports	Восток(сокращ)
Reports	Восток(угли)
Reports	Восток(угли_сокращ)
Reports	Входные-данные
Reports	Для_Редактирования
Reports	Европа
Reports	Европа(анализ_и_прогноз)
Reports	Европа(сокращ)
Reports	Европа(угли)
Reports	Европа(угли_сокращ)
Reports	Макет1_14
Reports	Макет1_15(Восток)
Reports	Макет1_15(Европа)
Reports	Макет1_15(Сибирь)
Reports	основной
Reports	Сибирь
Reports	Сибирь(анализ_и_прогноз)
Reports	Сибирь(сокращ)
Reports	Сибирь(угли)
Reports	Сибирь(угли_сокращ)
Reports	Списки_агрегатов
Reports	Список_станций
Reports	Топливо_в_столбец
Reports	Угли(Азия)
Reports	Угли(Европа)
Reports	Часы
Modules	Модуль1
Scripts	param
Scripts	Макрос1
Scripts	Обновление_составных_станций
