Type	Name	Rows
LINK	GTD	
LINK	PRES	
LINK	SLEES	
LINK	SLRAZ	
LINK	STAN	
LINK	АПБ_2009	
LINK	АПБ-ОТЭТ	
LINK	АЭС	
LINK	ГАЭС	
LINK	Города	
LINK	ГЭС	
LINK	Доп_угли(архив)	
LINK	Доп_угли(Схема)_ГС	
LINK	Доп_угли(Схема)24-29	
LINK	Доп_угли_Катя	
LINK	Доп_угли2018	
LINK	Доп_угли2019	
LINK	Доп_угли2020	
LINK	Доп_угли2021	
LINK	Доп_угли2022	
LINK	Доп_угли2023	
LINK	Доп_угли2024	
LINK	имена_БЕ	
LINK	имена_ГК	
LINK	Имена_областей	
LINK	Имена_ОЭС	
LINK	Имена_станций	
LINK	Имена_станций_не_ТЭС	
LINK	Имена_эк_районов	
LINK	Москва и МО	
LINK	Натура99	
LINK	Новые станции	
LINK	ОПЭС-ОТЭТ	
LINK	Параметры-распределения1	
LINK	Потребители_тепла	
LINK	Сети	
LINK	Списки_агрегатов1	
LINK	Станции(архив)	
LINK	Станции_Катя	
LINK	Станции2018	
LINK	Станции2019	
LINK	Станции2020	
LINK	Станции2021	
LINK	Станции2022	
LINK	Станции2023	
LINK	Станции2024	
LINK	Станция-конфигурация	
LINK	Стоимость2020	
LINK	Стоимость2021	
LINK	Тепло по ТЭС строки в столбцах	
LINK	Тепловые_мощности	
LINK	Теплопотребление_АО	
LINK	Теплопотребление_города	
LINK	Теплопотребление_станции	
LINK	Типовые_удельные_расходы	
LINK	Типы_оборудования	
LINK	Топливо_по_агрегатам_табл	
LINK	Турбины	
LINK	Удельные нового и  модерн оборуд	
LINK	Удельные(архив)	
LINK	Удельные(Схема)1	
LINK	Удельные2018	
LINK	Удельные2019	
LINK	Удельные2020	
LINK	Удельные2021	
LINK	Удельные2022	
LINK	Удельные2023	
LINK	Удельные2024	
LINK	Филиалы ГК	
LINK	Формулы_топлива(Схема)1	
LINK	Формулы_топлива_отчёт	
LINK	Цена(архив)	
LINK	Цена2019	
LINK	Цена2020	
LINK	Цена2021	
LINK	Ценовые индексы	
LINK	Эпотр	
TABLE	chasti_i_celoe	26
TABLE	main	0
TABLE	ManufG	39
TABLE	ManufK	20
TABLE	ManufP	10
TABLE	АПБ_выработка	88
TABLE	Вставки в натуру	0
TABLE	Выбросы ЗВ	2664
TABLE	Выбросы ПГ	2604
TABLE	Годы	27
TABLE	Действующие_части_отсут_в_отчете	57
TABLE	Дефициты	1299
TABLE	Дефициты_год_ОЭС	18
TABLE	Добавить 2025	52
TABLE	Доп_угли(макет)	0
TABLE	Доп_угли(старый)	6988
TABLE	Доп_угли(Схема)	23688
TABLE	Замыкающие станции	180
TABLE	Затраты_топливо_2021	373
TABLE	имена_итогов_1	34
TABLE	Имена_округов	9
TABLE	Имена-итогов	8
TABLE	Имена-оборуд	22
TABLE	Классификтор_топлива	49
TABLE	Копия Списки_агрегатов	7442
TABLE	НеТЭС	51
TABLE	Ограничения	132
TABLE	Ограничения_K	132
TABLE	Ошибки вставки	6
TABLE	Параметры-распределения	54
TABLE	Перетоки_Год_ОЭС	39
TABLE	перетоки_табл	2316
TABLE	Протокол	1502
TABLE	Различия с отчетом	7
TABLE	Распределяемое_тепло	33
TABLE	Распределяемое_тепло(области)	0
TABLE	Сети_сумма_по_РЭУ(табл)	8
TABLE	СибирьВосток	8171
TABLE	Составные_станции	0
TABLE	Списки_агрегатов	7353
TABLE	Списки_агрегатов(макет)	0
TABLE	Список_запросов	8
TABLE	Список_макетов	21
TABLE	Список_объектов	2
TABLE	Список_полей	68
TABLE	Список_типов	14
TABLE	Список_условий	81
TABLE	Список-вариантов	1
TABLE	Станции(макет)	0
TABLE	Станции(Схема)	10576
TABLE	Сумма_по_областям(таблица)	881
TABLE	Текущий_вариант	1
TABLE	Тепло из эксель в базу	2041
TABLE	Тепло из эксель_для переноса	20440
TABLE	Тепло из эксель_для переноса в Станции(Схема)	5000
TABLE	Топливо	26
TABLE	Удельные(макет)	0
TABLE	Удельные(перед заменой)	1651
TABLE	Удельные(перед удалением)	1651
TABLE	Удельные(Схема)	3680
TABLE	Удельные(Схема)_резервная копия	3507
TABLE	Удельные(Схема)_резервная копия с 2020	1468
TABLE	Фиксированное_тепло	14
TABLE	Формулы_топлива(макет)	0
TABLE	Формулы_топлива(перед заменой)	2643
TABLE	Формулы_топлива(Схема)	3841
TABLE	Цена_энергии_2021	373
VIEW	Source	
VIEW	TURT_2018	
VIEW	Выборка_распределений	
VIEW	Дефициты_макс	
VIEW	Есть_2006	
VIEW	Запрос6	
VIEW	Запрос7	
VIEW	Запрос8	
VIEW	Запрос9	
VIEW	Итог	
VIEW	нет TURT	
VIEW	Поиск повторений для Удельные(Схема)	
VIEW	Протокол_для_сводной	
VIEW	Рабочий	
VIEW	Рабочий(доп_угли)	
VIEW	Рабочий(станции)	
VIEW	Рабочий_для_суммы	
VIEW	Рабочий_для_суммы(доп_угли)	
VIEW	Расчет Н	
VIEW	'Станции(Схема)' без подчиненных в 'Списки_агрегатов'	
VIEW	'Станции(Схема)' без подчиненных в 'Удельные(Схема)'	
VIEW	'Станции(Схема)' без подчиненных в 'Формулы_топлива(Схема)'	
VIEW	Сумма_агрегатов	
VIEW	Сумма_агрегатов_Nt	
VIEW	Тепло из эксель_QOTR_выборка	
VIEW	Тепло из эксель_выборка	
VIEW	Турбины(из_списков)	
VIEW	'Удельные(Схема)' без подчиненных в 'Списки_агрегатов'	
VIEW	Удельные_ГТУ_ПГУ	
VIEW	ЭнеТЭС	
