Name	Type	Connect	SourceTable	RecordCount
chasti_i_celoe	TABLE			26
GTD	LINK	;DATABASE=F:\Базы данных\Новое оборудование.mdb	GTD	-1
main	TABLE			0
ManufG	TABLE			39
ManufK	TABLE			20
ManufP	TABLE			10
PRES	LINK	dBase IV;HDR=NO;IMEX=2;DATABASE=F:\База Павловская\Вариант 1162	PRES.DBF	-1
SLEES	LINK	dBase IV;HDR=NO;IMEX=2;DATABASE=F:\База Павловская\Схема	SLEES.DBF	-1
SLRAZ	LINK	dBase IV;HDR=NO;IMEX=2;DATABASE=F:\База Павловская	SLRAZ.DBF	-1
STAN	LINK	dBase IV;HDR=NO;IMEX=2;DATABASE=F:\Генсхема2010\Базовый вариант 04_10	STAN.DBF	-1
АПБ_2009	LINK	;DATABASE=F:\Базы данных\ОТЭТ.mdb	АПБ_2009	-1
АПБ_выработка	TABLE			88
АПБ-ОТЭТ	LINK	;DATABASE=F:\Базы данных\ОТЭТ.mdb	АПБ-ОТЭТ	-1
АЭС	LINK	;DATABASE=F:\Базы данных\не_ТЭС.mdb	АЭС	-1
Вставки в натуру	TABLE			0
Выбросы ЗВ	TABLE			2664
Выбросы ПГ	TABLE			2604
ГАЭС	LINK	;DATABASE=F:\Базы данных\не_ТЭС.mdb	ГАЭС	-1
Годы	TABLE			27
Города	LINK	;DATABASE=F:\Базы данных\ОТЭТ.mdb	Города	-1
ГЭС	LINK	;DATABASE=F:\Базы данных\не_ТЭС.mdb	ГЭС	-1
Действующие_части_отсут_в_отчете	TABLE			57
Дефициты	TABLE			1299
Дефициты_год_ОЭС	TABLE			18
Добавить 2025	TABLE			52
Доп_угли(архив)	LINK	;DATABASE=F:\Базы данных\ОТЭТ.mdb	Доп_угли(архив)	-1
Доп_угли(макет)	TABLE			0
Доп_угли(старый)	TABLE			6988
Доп_угли(Схема)	TABLE			23688
Доп_угли(Схема)_ГС	LINK	;DATABASE=F:\Базы данных\ГенСх_2024_2 этап.mdb	Доп_угли(Схема)	-1
Доп_угли(Схема)24-29	LINK	;DATABASE=F:\Базы данных\СиПР ЭЭС 2029_3 этап.mdb	Доп_угли(Схема)	-1
Доп_угли_Катя	LINK	;DATABASE=F:\Базы данных\ЛБ\СиПР ЭЭС_2031_Сибирь.mdb	Доп_угли(Схема)	-1
Доп_угли2018	LINK	;DATABASE=F:\Базы данных\ОТЭТ.mdb	Доп_угли2018	-1
Доп_угли2019	LINK	;DATABASE=F:\Базы данных\ОТЭТ.mdb	Доп_угли2019	-1
Доп_угли2020	LINK	;DATABASE=F:\Базы данных\ОТЭТ.mdb	Доп_угли2020	-1
Доп_угли2021	LINK	;DATABASE=F:\Базы данных\ОТЭТ.mdb	Доп_угли2021	-1
Доп_угли2022	LINK	;DATABASE=F:\Базы данных\ОТЭТ.mdb	Доп_угли2022	-1
Доп_угли2023	LINK	;DATABASE=F:\Базы данных\ОТЭТ.mdb	Доп_угли2023	-1
Доп_угли2024	LINK	;DATABASE=F:\Базы данных\ОТЭТ.mdb	Доп_угли2024	-1
Замыкающие станции	TABLE			180
Затраты_топливо_2021	TABLE			373
имена_БЕ	LINK	;DATABASE=F:\Базы данных\ОТЭТ.mdb	имена_БЕ	-1
имена_ГК	LINK	;DATABASE=F:\Базы данных\ОТЭТ.mdb	имена_ГК	-1
имена_итогов_1	TABLE			34
Имена_областей	LINK	;DATABASE=F:\Базы данных\ОТЭТ.mdb	Имена_областей	-1
Имена_округов	TABLE			9
Имена_ОЭС	LINK	;DATABASE=F:\Базы данных\ОТЭТ.mdb	Имена_ОЭС	-1
Имена_станций	LINK	;DATABASE=F:\Базы данных\ОТЭТ.mdb	Имена_станций	-1
Имена_станций_не_ТЭС	LINK	;DATABASE=F:\База Павловская\Генсема2010_оригинал_макс.mdb	Имена_станций_не_ТЭС	-1
Имена_эк_районов	LINK	;DATABASE=F:\Базы данных\ОТЭТ.mdb	Имена_эк_районов	-1
Имена-итогов	TABLE			8
Имена-оборуд	TABLE			22
Классификтор_топлива	TABLE			49
Копия Списки_агрегатов	TABLE			7442
Москва и МО	LINK	;DATABASE=F:\Базы данных\ОТЭТ.mdb	Москва и МО	-1
Натура99	LINK	;DATABASE=F:\Базы данных\ОТЭТ.mdb	Натура99	-1
НеТЭС	TABLE			51
Новые станции	LINK	;DATABASE=F:\Базы данных\ОТЭТ.mdb	Новые станции	-1
Ограничения	TABLE			132
Ограничения_K	TABLE			132
ОПЭС-ОТЭТ	LINK	;DATABASE=F:\Базы данных\ОТЭТ.mdb	ОПЭС-ОТЭТ	-1
Ошибки вставки	TABLE			6
Параметры-распределения	TABLE			54
Параметры-распределения1	LINK	;DATABASE=F:\Базы данных\ЛБ\СиПР ЭЭС_2031_Сибирь.mdb	Параметры-распределения	-1
Перетоки_Год_ОЭС	TABLE			39
перетоки_табл	TABLE			2316
Потребители_тепла	LINK	;DATABASE=F:\Базы данных\ОТЭТ.mdb	Потребители_тепла	-1
Протокол	TABLE			1502
Различия с отчетом	TABLE			7
Распределяемое_тепло	TABLE			33
Распределяемое_тепло(области)	TABLE			0
Сети	LINK	;DATABASE=F:\Базы данных\ОТЭТ.mdb	Сети	-1
Сети_сумма_по_РЭУ(табл)	TABLE			8
СибирьВосток	TABLE			8171
Составные_станции	TABLE			0
Списки_агрегатов	TABLE			7353
Списки_агрегатов(макет)	TABLE			0
Списки_агрегатов1	LINK	;DATABASE=F:\Базы данных\ЛБ\СиПР ЭЭС_2031_Сибирь.mdb	Списки_агрегатов	-1
Список_запросов	TABLE			8
Список_макетов	TABLE			21
Список_объектов	TABLE			2
Список_полей	TABLE			68
Список_типов	TABLE			14
Список_условий	TABLE			81
Список-вариантов	TABLE			1
Станции(архив)	LINK	;DATABASE=F:\Базы данных\ОТЭТ.mdb	Станции(архив)	-1
Станции(макет)	TABLE			0
Станции(Схема)	TABLE			10576
Станции_Катя	LINK	;DATABASE=F:\Базы данных\ЛБ\СиПР ЭЭС_2031_Сибирь.mdb	Станции(Схема)	-1
Станции2018	LINK	;DATABASE=F:\Базы данных\ОТЭТ.mdb	Станции2018	-1
Станции2019	LINK	;DATABASE=F:\Базы данных\ОТЭТ.mdb	Станции2019	-1
Станции2020	LINK	;DATABASE=F:\Базы данных\ОТЭТ.mdb	Станции2020	-1
Станции2021	LINK	;DATABASE=F:\Базы данных\ОТЭТ.mdb	Станции2021	-1
Станции2022	LINK	;DATABASE=F:\Базы данных\ОТЭТ.mdb	Станции2022	-1
Станции2023	LINK	;DATABASE=F:\Базы данных\ОТЭТ.mdb	Станции2023	-1
Станции2024	LINK	;DATABASE=F:\Базы данных\ОТЭТ.mdb	Станции2024	-1
Станция-конфигурация	LINK	;DATABASE=F:\Базы данных\Новое оборудование.mdb	Станция-конфигурация	-1
Стоимость2020	LINK	;DATABASE=F:\Базы данных\ОТЭТ.mdb	Стоимость2020	-1
Стоимость2021	LINK	;DATABASE=F:\Базы данных\ОТЭТ.mdb	Стоимость2021	-1
Сумма_по_областям(таблица)	TABLE			881
Текущий_вариант	TABLE			1
Тепло из эксель в базу	TABLE			2041
Тепло из эксель_для переноса	TABLE			20440
Тепло из эксель_для переноса в Станции(Схема)	TABLE			5000
Тепло по ТЭС строки в столбцах	LINK	;DATABASE=F:\Базы данных\Тепло из СТ.mdb	Тепло по ТЭС строки в столбцах	-1
Тепловые_мощности	LINK	;DATABASE=F:\Базы данных\ОТЭТ.mdb	Тепловые_мощности	-1
Теплопотребление_АО	LINK	;DATABASE=F:\Базы данных\ОТЭТ.mdb	Теплопотребление_АО	-1
Теплопотребление_города	LINK	;DATABASE=F:\Базы данных\ОТЭТ.mdb	Теплопотребление_города	-1
Теплопотребление_станции	LINK	;DATABASE=F:\Базы данных\ОТЭТ.mdb	Теплопотребление_станции	-1
Типовые_удельные_расходы	LINK	;DATABASE=F:\Базы данных\ОТЭТ.mdb	Типовые_удельные_расходы	-1
Типы_оборудования	LINK	;DATABASE=F:\Базы данных\ОТЭТ.mdb	Типы_оборудования	-1
Топливо	TABLE			26
Топливо_по_агрегатам_табл	LINK	;DATABASE=F:\База Павловская\Генсема2010_оригинал.mdb	Топливо_по_агрегатам	-1
Турбины	LINK	;DATABASE=F:\Базы данных\ОТЭТ.mdb	Турбины	-1
Удельные нового и  модерн оборуд	LINK	;DATABASE=F:\Базы данных\ОТЭТ.mdb	Удельные нового и  модерн оборуд	-1
Удельные(архив)	LINK	;DATABASE=F:\Базы данных\ОТЭТ.mdb	Удельные(архив)	-1
Удельные(макет)	TABLE			0
Удельные(перед заменой)	TABLE			1651
Удельные(перед удалением)	TABLE			1651
Удельные(Схема)	TABLE			3680
Удельные(Схема)_резервная копия	TABLE			3507
Удельные(Схема)_резервная копия с 2020	TABLE			1468
Удельные(Схема)1	LINK	;DATABASE=F:\Базы данных\ЛБ\СиПР ЭЭС_2031_Сибирь.mdb	Удельные(Схема)	-1
Удельные2018	LINK	;DATABASE=F:\Базы данных\ОТЭТ.mdb	Удельные2018	-1
Удельные2019	LINK	;DATABASE=F:\Базы данных\ОТЭТ.mdb	Удельные2019	-1
Удельные2020	LINK	;DATABASE=F:\Базы данных\ОТЭТ.mdb	Удельные2020	-1
Удельные2021	LINK	;DATABASE=F:\Базы данных\ОТЭТ.mdb	Удельные2021	-1
Удельные2022	LINK	;DATABASE=F:\Базы данных\ОТЭТ.mdb	Удельные2022	-1
Удельные2023	LINK	;DATABASE=F:\Базы данных\ОТЭТ.mdb	Удельные2023	-1
Удельные2024	LINK	;DATABASE=F:\Базы данных\ОТЭТ.mdb	Удельные2024	-1
Фиксированное_тепло	TABLE			14
Филиалы ГК	LINK	;DATABASE=F:\Базы данных\ОТЭТ.mdb	Филиалы ГК	-1
Формулы_топлива(макет)	TABLE			0
Формулы_топлива(перед заменой)	TABLE			2643
Формулы_топлива(Схема)	TABLE			3841
Формулы_топлива(Схема)1	LINK	;DATABASE=F:\Базы данных\ЛБ\СиПР ЭЭС_2031_Сибирь.mdb	Формулы_топлива(Схема)	-1
Формулы_топлива_отчёт	LINK	;DATABASE=F:\Базы данных\ОТЭТ.mdb	Формулы_топлива_отчёт	-1
Цена(архив)	LINK	;DATABASE=F:\Базы данных\ОТЭТ.mdb	Цена(архив)	-1
Цена_энергии_2021	TABLE			373
Цена2019	LINK	;DATABASE=F:\Базы данных\ОТЭТ.mdb	Цена2019	-1
Цена2020	LINK	;DATABASE=F:\Базы данных\ОТЭТ.mdb	Цена2020	-1
Цена2021	LINK	;DATABASE=F:\Базы данных\ОТЭТ.mdb	Цена2021	-1
Ценовые индексы	LINK	;DATABASE=F:\Базы данных\ОТЭТ.mdb	Ценовые индексы	-1
Эпотр	LINK	;DATABASE=F:\Базы данных\не_ТЭС.mdb	Эпотр_генсхема	-1
