numb1120	v	year	formtxt
99	0	2024	maztop=1,01;gaz_prir
99	0	2022	maztop=0,33;gaz_prir
99	0	2021	maztop=0,49;gaz_prir
99	0	2023	maztop=1,05;gaz_prir
100	0	2024	maztop=0,16;gaz_prir
100	0	2023	maztop=0,09;gaz_prir
100	0	2022	gaz_prir
100	0	2021	maztop=0,35;gaz_prir
102	0	2024	maztop=0,01;gaz_prir
102	0	2022	maztop=0,07;gaz_prir
102	0	2021	gaz_prir
102	0	2023	maztop=0,06;gaz_prir
108	0	2024	maztop=0,37;gaz_prir
108	0	2021	maztop=0,07;gaz_prir
109	0	2023	gaz_prir
109	0	2024	gaz_prir
109	0	2022	gaz_prir
109	0	2021	gaz_prir
127	0	2026	gaz_prir
299	0	2021	gaz_prir
299	0	2025	gaz_prir
299	0	2023	gaz_prir
299	0	2024	gaz_prir
299	0	2022	gaz_prir
301	0	2024	prochgaz=24,00;gaz_prir
301	0	2022	maztop=0,01;prochgaz=9,02;gaz_prir
301	0	2023	prochgaz=13,57;gaz_prir
301	0	2025	gaz_prir=94;prochgaz
301	0	2021	maztop=0,01;prochgaz=10,89;gaz_prir
302	0	2021	gaz_prir
302	0	2024	gaz_prir
302	0	2022	gaz_prir
302	0	2023	gaz_prir
304	0	2023	gaz_prir
304	0	2022	gaz_prir
304	0	2021	kuznt=2,05;gaz_prir
304	0	2024	gaz_prir
305	0	2021	gaz_prir
305	0	2023	gaz_prir
305	0	2022	gaz_prir
305	0	2024	gaz_prir
309	0	2023	gaz_prir
309	0	2021	maztop=0,55;gaz_prir
309	0	2022	gaz_prir
309	0	2024	gaz_prir
310	0	2022	gaz_prir
310	0	2023	gaz_prir
310	0	2021	gaz_prir
310	0	2024	gaz_prir
311	0	2024	gaz_prir
311	0	2023	gaz_prir
311	0	2022	gaz_prir
312	0	2022	gaz_prir
312	0	2021	maztop=0,01;gaz_prir
312	0	2024	maztop=0,01;gaz_prir
312	0	2023	gaz_prir
315	0	2022	gaz_prir
315	0	2021	gazpp=27,45;gaz_prir
315	0	2023	gaz_prir
315	0	2024	gazpp=21,68;gaz_prir
318	0	2023	gaz_prir
318	0	2024	gaz_prir
318	0	2022	gaz_prir
318	0	2021	gaz_prir
319	0	2022	gaz_prir
319	0	2024	gaz_prir
319	0	2021	gaz_prir
319	0	2023	maztop=0,37;gaz_prir
320	0	2021	gaz_prir
320	0	2023	gaz_prir
320	0	2024	gaz_prir
320	0	2022	gaz_prir
323	0	2024	gaz_prir
323	0	2023	maztop=0,08;gaz_prir
323	0	2021	maztop=0,07;gaz_prir
323	0	2022	maztop=0,05;gaz_prir
325	0	2021	maztop=0,03;gaz_prir
325	0	2023	maztop=0,02;gaz_prir
325	0	2024	maztop=0,12;gaz_prir
325	0	2022	maztop=0,03;gaz_prir
327	0	2021	gaz_prir
327	0	2022	gaz_prir
327	0	2023	gaz_prir
327	0	2024	gaz_prir
328	0	2024	maztop=0,11;gaz_prir
328	0	2021	maztop=3,11;gaz_prir
328	0	2023	maztop=0,07;gaz_prir
328	0	2022	maztop=0,08;gaz_prir
329	0	2023	gaz_prir
329	0	2021	maztop=2,65;gaz_prir
329	0	2024	gaz_prir
329	0	2022	gaz_prir
330	0	2021	gaz_prir
330	0	2023	gaz_prir
330	0	2024	gaz_prir
330	0	2022	gaz_prir
331	0	2022	gaz_prir
331	0	2021	gaz_prir
331	0	2023	gaz_prir
331	0	2024	gaz_prir
332	0	2022	maztop=0,33;gaz_prir
332	0	2024	maztop=0,01;gaz_prir
332	0	2021	maztop=0,01;gaz_prir
332	0	2023	maztop=0,16;gaz_prir
340	0	2021	maztop=0,10;gaz_prir
340	0	2024	gaz_prir
340	0	2023	maztop=0,10;gaz_prir
340	0	2022	gaz_prir
343	0	2021	kuznt=0,06;gaz_prir
343	0	2024	kuznt=0,04;gaz_prir
343	0	2022	kuznt=0,02;gaz_prir
343	0	2023	kuznt=0,12;gaz_prir
344	0	2024	gaz_prir
344	0	2022	gaz_prir
344	0	2021	gaz_prir
346	0	2022	maztop=1,29;gaz_prir
346	0	2023	maztop=0,23;gaz_prir
346	0	2021	maztop=0,35;gaz_prir
346	0	2024	maztop=0,17;gaz_prir
347	0	2025	gaz_prir=72;maztop=2;prochgaz
347	0	2026	gaz_prir=70;maztop=2;prochgaz
347	0	2027	gaz_prir=68;maztop=2;prochgaz
347	0	2022	prochgaz=4,77;maztop=6,80;gaz_prir
347	0	2023	prochgaz=6,03;maztop=7,27;gaz_prir
347	0	2028	gaz_prir=65;maztop=2;prochgaz
347	0	2024	maztop=2,32;prochgaz=4,07;gaz_prir
347	0	2021	maztop=1,77;prochgaz=3,84;gaz_prir
350	0	2022	gaz_prir
350	0	2023	gaz_prir
350	0	2026	gaz_prir
352	0	2022	gaz_prir
352	0	2021	gaz_prir
352	0	2023	gaz_prir
352	0	2024	gaz_prir
354	0	2021	gaz_prir
354	0	2023	gaz_prir
354	0	2024	gaz_prir
354	0	2022	gaz_prir
355	0	2022	gaz_prir
355	0	2023	gaz_prir
355	0	2021	maztop=0,07;gaz_prir
355	0	2024	gaz_prir
357	0	2024	gaz_prir
357	0	2021	maztop=0,04;gaz_prir
357	0	2022	maztop=0,11;gaz_prir
357	0	2023	gaz_prir
358	0	2021	maztop=0,04;gaz_prir
358	0	2022	maztop=0,14;gaz_prir
358	0	2024	gaz_prir
358	0	2023	gaz_prir
362	0	2023	gaz_prir
362	0	2022	gaz_prir
362	0	2021	gaz_prir
362	0	2024	gaz_prir
363	0	2024	gaz_prir
363	0	2023	gaz_prir
363	0	2022	gaz_prir
363	0	2021	gaz_prir
433	0	2022	gaz_prir
433	0	2024	gaz_prir
847	0	2023	maztop=0,44;gaz_prir
847	0	2021	gaz_prir
847	0	2024	maztop=0,01;gaz_prir
847	0	2022	maztop=0,07;gaz_prir
849	0	2023	gaz_prir
849	0	2021	gaz_prir
849	0	2022	gaz_prir
849	0	2024	gaz_prir
1094	0	2021	gaz_prir
1094	0	2022	gaz_prir
1094	0	2023	gaz_prir
1094	0	2024	gaz_prir
1095	0	2023	maztop=0,17;gaz_prir
1095	0	2024	maztop=0,55;gaz_prir
1095	0	2021	maztop=0,07;gaz_prir
1095	0	2022	gaz_prir
1202	0	2024	gaz_prir
1202	0	2023	gaz_prir
1202	0	2022	gaz_prir
1205	0	2021	maztop=0,01;gaz_prir
1205	0	2023	maztop=0,02;gaz_prir
1205	0	2022	maztop=0,02;gaz_prir
1205	0	2024	gaz_prir
1231	0	2022	gaz_prir
1231	0	2023	gaz_prir
1231	0	2021	gaz_prir
1231	0	2024	gaz_prir
1241	0	2024	gaz_prir
1245	0	2023	gaz_prir
1245	0	2021	gaz_prir
1245	0	2024	gaz_prir
1245	0	2022	gaz_prir
1266	0	2026	gaz_prir
1295	0	2024	gaz_prir
1295	0	2022	gaz_prir
1295	0	2023	gaz_prir
1295	0	2021	gaz_prir
1296	0	2024	maztop=0,12;gaz_prir
1296	0	2021	gaz_prir
1296	0	2023	maztop=0,01;gaz_prir
1296	0	2022	maztop=0,01;gaz_prir
1297	0	2021	gaz_prir
1297	0	2023	gaz_prir
1297	0	2022	gaz_prir
1297	0	2024	gaz_prir
1298	0	2023	gaz_prir
1298	0	2022	gaz_prir
1298	0	2024	gaz_prir
1298	0	2021	gaz_prir
1312	0	2023	gaz_prir
1312	0	2024	gaz_prir
1312	0	2022	gaz_prir
1312	0	2021	gaz_prir
1437	0	2022	nft_proch=4,45;prochgaz=22,14;maztop=22,54;gaz_prir
1437	0	2023	nft_proch=3,92;prochgaz=17,74;maztop=23,62;gaz_prir
1437	0	2021	nft_proch=5,83;maztop=20,83;prochgaz=21,34;gaz_prir
1437	0	2024	maztop=24,76;prochgaz=29,32;gaz_prir
1439	0	2024	prochgaz
1439	0	2021	
1439	0	2023	gaz_prir
1439	0	2022	inoe
1440	0	2022	gaz_prir
1440	0	2021	gaz_prir
1440	0	2024	gaz_prir
1440	0	2023	gaz_prir
1441	0	2023	gaz_prir
1441	0	2021	gaz_prir
1441	0	2022	gaz_prir
1441	0	2024	gaz_prir
1442	0	2023	gaz_prir
1442	0	2022	gaz_prir
1442	0	2021	gaz_prir
1442	0	2024	gaz_prir
1454	0	2021	maztop=0,25;gaz_prir
1454	0	2024	gaz_prir
1571	0	2022	gaz_prir
1571	0	2023	gaz_prir
1571	0	2024	gaz_prir
1571	0	2021	gaz_prir
1580	0	2021	gaz_prir
1580	0	2023	gaz_prir
1580	0	2022	gaz_prir
1580	0	2024	gaz_prir
1588	0	2021	gaz_prir
1588	0	2023	gaz_prir
1588	0	2024	gaz_prir
1588	0	2022	gaz_prir
1594	0	2024	gaz_prir
1594	0	2023	gaz_prir
1594	0	2021	gaz_prir
1594	0	2022	gaz_prir
1595	0	2024	gaz_prir
1595	0	2021	gaz_prir
1595	0	2022	gaz_prir
1595	0	2023	gaz_prir
1684	0	2022	gaz_prir
1684	0	2021	maztop=0,01;gaz_prir
1684	0	2024	gaz_prir
1684	0	2023	gaz_prir
1751	0	2022	gaz_prir
1751	0	2024	gaz_prir
1751	0	2021	gaz_prir
1751	0	2023	gaz_prir
1840	0	2024	gaz_prir
1840	0	2023	gaz_prir
1840	0	2021	gaz_prir
1840	0	2022	gaz_prir
1888	0	2022	maztop=0,11;gaz_prir
1888	0	2024	gaz_prir
1888	0	2021	gaz_prir
1888	0	2023	gaz_prir
1889	0	2021	gaz_prir
1889	0	2024	gaz_prir
1889	0	2022	gaz_prir
1889	0	2023	gaz_prir
1961	0	2024	prochgaz=22,45;gaz_prir
1961	0	2025	gaz_prir=77;maztop=2;prochgaz
1961	0	2026	gaz_prir=74;maztop=2;prochgaz
1961	0	2027	gaz_prir=71;maztop=2;prochgaz
1961	0	2021	maztop=0,30;prochgaz=9,05;gaz_prir
1961	0	2029	gaz_prir=65;maztop=2;prochgaz
1962	0	2026	gaz_prir
2072	0	2023	gaz_prir
2072	0	2024	gaz_prir
2072	0	2022	gaz_prir
2072	0	2021	gaz_prir
3046	0	2023	gaz_prir
3046	0	2024	gaz_prir
3046	0	2021	gaz_prir
3046	0	2022	gaz_prir
3087	0	2024	nft_proch=0,05;gaz_prir=40,00;prochgaz
3087	0	2021	nft_proch=0,05;gaz_prir=46,30;prochgaz
3087	0	2023	maztop=0,05;gaz_prir=45,21;prochgaz
3087	0	2022	maztop=0,05;prochgaz=44,76;gaz_prir
3089	0	2023	gaz_prir
3089	0	2021	gaz_prir
3089	0	2022	gaz_prir
3089	0	2024	gaz_prir
3132	0	2021	prochgaz
3132	0	2024	gaz_prir=9,77;prochgaz
3132	0	2022	gaz_prir=9,77;prochgaz
3155	0	2024	gaz_prir
3155	0	2021	gaz_prir
3155	0	2023	gaz_prir
3155	0	2022	gaz_prir
3170	0	2023	gaz_prir
3170	0	2022	gaz_prir
3170	0	2024	gaz_prir
3170	0	2021	gaz_prir
3171	0	2021	gaz_prir
3171	0	2023	gaz_prir
3171	0	2024	gaz_prir
3171	0	2022	gaz_prir
3172	0	2026	prochgaz
3176	0	2024	gaz_prir
3176	0	2023	gaz_prir
3176	0	2021	gaz_prir
3176	0	2022	gaz_prir
3184	0	2026	gaz_prir
3184	0	2023	gaz_prir
3184	0	2022	gaz_prir
3185	0	2021	gaz_prir
3185	0	2023	gaz_prir
3185	0	2024	gaz_prir
3203	0	2024	gaz_prir
3203	0	2021	gaz_prir
3203	0	2022	gaz_prir
3203	0	2023	gaz_prir
3227	0	2024	gaz_prir
3227	0	2023	gaz_prir
3227	0	2022	gaz_prir
3227	0	2021	gaz_prir
3228	0	2023	gaz_prir
3228	0	2021	gaz_prir
3228	0	2024	gaz_prir
3228	0	2022	gaz_prir
