NUMB1120	YearN	H	HFIX	NUST	OES
7	2021	4661.4	1	182	1
10	2021	4299.6	1	305	1
25	2021	2455.7	1	22	1
43	2021	2445.2	1	23.259	2
55	2021	5693.9	1	20.5	1
78	2021	7227.1	1	20	1
79	2021	5045.1	1	78	1
82	2021	3420.6	1	18	1
86	2021	4740.6	1	22.8	1
90	2021		1	8.5	1
127	2021	0	1		3
204	2021	1073.1	1	24	2
209	2021	4199	1	24.7	2
226	2021	530.2	1	400	2
241	2021	5192.7	1	101.5	2
242	2021	4718.2	1	24	2
273	2021		1	12	2
325	2021	5096.6	1	20.5	3
382	2021		1	16	4
580	2021	3560.1	1	200	6
582	2021	1899.7	1	24	6
612	2021	2651.2	1	84	6
613	2021	679.2	1	85	6
632	2021	5481.3	1	24	6
635	2021	6021.3	1	320	6
638	2021	2365.4	1	19	6
639	2021		1	6	6
641	2021	723.5	1	10	6
683	2021	3622.8	1	410	6
685	2021	570.4	1	18	6
771	2021	154.4	1	27.2	7
777	2021		1	20.32	7
806	2021	2505.4	1	10	4
875	2021	6056.9	1	22	4
993	2021	4708	1	23	1
1041	2021	246.1	1	80.065	7
1060	2021		1	12	4
1061	2021		1	16	4
1063	2021	5952.1	1	44	1
1128	2021	7650.8	1	24	2
1188	2021		1	20	1
1197	2021		1	6	4
1209	2021	2135.3	1	24	6
1248	2021	67.7	1	297.44	6
1265	2021	8377.7	1	7.1	1
1327	2021		1	2.1	2
1333	2021	6505.5	1	12	1
1335	2021	6795.7	1	60	1
1341	2021		1	90	2
1439	2021	7642.3	1	49	3
1443	2021	2189	1	10	6
1561	2021	593.2	1	4	4
1562	2021	4815.8	1	2.114	4
1571	2021	4270.1	1	24	3
1575	2021	2755.6	1	12	6
1593	2021		1	24	6
1771	2021	5800	1	131.91	5
1820	2021		1	110	2
1832	2021	900.6	1	18	2
1841	2021	2755.6	1	9.5	6
1842	2021		1	18	6
1854	2021	2132.1	1	449	6
1950	2021	34.7	1	20.5	6
2060	2021	715	1	12	2
2072	2021	1650.4	1	5.2	3
2074	2021	500	1	9	1
2075	2021	3299.3	1	9	1
3003	2021	2161.3	1	21	1
3011	2021	8480.4	1	206.4	6
3041	2021	5787.1	1	12.45	2
3056	2021	7145.9	1	16	2
3063	2021	6091.1	1	7.276	4
3064	2021	7088.7	1	6.066	6
3068	2021		1	34.5	4
3089	2021	4906.3	1	23.1	3
3095	2021	1369.2	1	10.8	4
3099	2021	2505.9	1	2.7	1
3115	2021	5312.6	1	6.5	1
3132	2021	5300.2	1	12	3
3133	2021	2533.3	1	7.5	2
3136	2021	3121.3	1	6.7	2
3138	2021	8166.4	1	24	6
3139	2021	7279.2	1	24	6
3140	2021	4745.3	1	100	1
3141	2021	5148.1	1	6	1
3142	2021	3102.2	1	2.3	1
3145	2021	3484.3	1	10.4	1
3160	2021	1009.6	1	15	1
3174	2021	4123.9	1	12.1	4
3180	2021	4961.6	1	52.745	4
3181	2021	4305.2	1	2	4
3183	2021	3914.4	1	7.054	4
3202	2021	3987.2	1	10.5	1
3204	2021	5955.6	1	25.218	4
3209	2021	2842.5	1	8.1	4
3214	2021	4117.9	1	12	1
3222	2021	1627.4	1	33.9	4
3226	2021	7646.3	1	48.4	4
3227	2021	3442.5	1	8.18	3
3230	2021		1	1.1	6
7	2022	4545.5	1	178	1
10	2022	4077	1	305	1
25	2022	2456.3	1	22	1
43	2022	2823.6	1	23.259	2
55	2022	6282.8	1	20.5	1
78	2022	6845.1	1	20	1
79	2022	5098.1	1	78	1
82	2022	3297.3	1	18	1
86	2022	4919.6	1	22.8	1
90	2022		1	8.5	1
115	2022	8389.2	1	345.81	2
120	2022	256.3	1	3	2
127	2022	0	1		3
204	2022	1062.1	1	24	2
209	2022	3789.8	1	24.7	2
226	2022	786.3	1	400	2
241	2022	4550.8	1	101.5	2
242	2022	4840.8	1	24	2
273	2022		1	12	2
325	2022	5407.8	1	20.5	3
382	2022		1	16	4
580	2022	3632	1	200	6
582	2022	2792	1	18	6
612	2022	4814.4	1	24	6
613	2022	1749.7	1	85	6
631	2022	2239	1	17	6
632	2022	6035.7	1	24	6
635	2022	6033.6	1	320	6
638	2022	2330.3	1	18.8	6
639	2022		1	6	6
641	2022		1	10	6
683	2022	3802.2	1	410	6
685	2022	565.7	1	18	6
771	2022	106.1	1	27.2	7
772	2022	4360.7	1	12	7
777	2022	0	1		7
856	2022	6009.8	1	16	2
857	2022	6368.2	1	12	2
875	2022	6311	1	22	4
898	2022	1967.3	1	24	5
945	2022	4331.5	1	25.2	1
993	2022	4226.9	1	23	1
1041	2022	103.8	1	82.6	7
1060	2022		1	12	4
1061	2022		1	16	4
1063	2022	5892.7	1	44	1
1128	2022	6334.5	1	24	2
1188	2022		1	20	1
1197	2022		1	6	4
1209	2022	3311.2	1	24	6
1248	2022	254.8	1	297.44	6
1265	2022	8041	1	7.1	1
1266	2022	2464	1	2	3
1321	2022	1029.7	1	141	4
1327	2022		1	2.1	2
1328	2022	6076.6	1	12	2
1333	2022	6018.6	1	12	1
1335	2022	6332.5	1	60	1
1337	2022	6207.2	1	9.75	4
1341	2022		1	90	2
1437	2022	4540.5	1	30	3
1439	2022	6955.7	1	49	3
1443	2022	4690.9	1	10	6
1478	2022	4781.1	1	8.584	1
1561	2022	645.4	1	4	4
1562	2022	4792.1	1	2.114	4
1571	2022	2993.6	1	24	3
1575	2022	801.8	1	12	6
1593	2022		1	24	6
1771	2022	5800	1	131.91	5
1820	2022	0	1	110	2
1826	2022	23.3	1	49.8	7
1832	2022	1058.9	1	18	2
1836	2022	2118	1	7.5	1
1841	2022	3018.8	1	9.5	6
1842	2022		1	18	6
1851	2022		1	13.5	6
1854	2022	2762	1	399	6
1950	2022	116.7	1	20.5	6
2072	2022	5046.1	1	1	3
2073	2022	925.3	1	12	1
2074	2022	1447.6	1	9	1
2075	2022	877.5	1	9	1
3003	2022	2210.9	1	21	1
3011	2022	8850.8	1	206.4	6
3041	2022	5182.7	1	12.45	2
3055	2022	1146.9	1	7.5	2
3056	2022	5859.3	1	16	2
3063	2022	5337	1	7.276	4
3064	2022		1	6.066	6
3068	2022		1	33	4
3087	2022	3904.1	1	24	3
3088	2022	4568.3	1	13.69	2
3089	2022	4865.8	1	23.49	3
3095	2022	1112.3	1	10.8	4
3099	2022	2209.3	1	2.7	1
3115	2022	5112.1	1	6.5	1
3116	2022	1094.2	1	4.6	1
3119	2022	5696.2	1	33.771	4
3132	2022	5446.6	1	12	3
3133	2022	1598.3	1	7.5	2
3136	2022	2106.4	1	6.7	2
3138	2022	9841	1	24	6
3139	2022	7070.9	1	24	6
3140	2022	6409	1	100	1
3141	2022	6743.4	1	6	1
3142	2022	2888.6	1	2.3	1
3144	2022		1	2.4	1
3145	2022	3421.3	1	10.4	1
3160	2022	1009.6	1	15	1
3170	2022	4890.9	1	14	3
3174	2022	4009.4	1	12.1	4
3175	2022	7360.7	1	2.118	2
3180	2022	5525.9	1	52.745	4
3181	2022	4314.5	1	2	4
3183	2022	4395.2	1	7.054	4
3202	2022	2186.7	1	10.5	1
3204	2022	5003.4	1	25.218	4
3207	2022	5910.2	1	6.1	7
3209	2022	2293.8	1	7.93	4
3214	2022	6248.6	1	12	1
3222	2022	1349.9	1	33.9	4
3223	2022	2364.7	1	8	4
3226	2022	6139.9	1	48.4	4
3227	2022	2509.6	1	8.18	3
3230	2022		1	1.1	6
3240	2022	191.4	1	3.9	4
7	2023	4555.5	1	178	1
10	2023	4076.9	1	305	1
25	2023	1395.3	1	22	1
43	2023	2559.7	1	23.259	2
55	2023	6134.3	1	20.5	1
78	2023	6713.4	1	20	1
79	2023	5061.5	1	78	1
82	2023	2419.7	1	18	1
86	2023	4577.6	1	22.8	1
90	2023		1	8.5	1
115	2023	8435.2	1	345.81	2
120	2023	348.4	1	3	2
127	2023		1	4.3	3
164	2023	7282.8	1	12	1
204	2023	845.3	1	24	2
209	2023	3385.9	1	24.7	2
212	2023	7118.2	1	35.5	1
226	2023	1002.2	1	400	2
234	2023	7856.2	1	24.9	2
241	2023	4807.9	1	101.5	2
242	2023	5830.5	1	24	2
273	2023		1	12	2
282	2023		1	121	4
325	2023	4806.9	1	20.5	3
382	2023		1	16	4
580	2023	4024.7	1	200	6
582	2023	2484.1	1	18	6
612	2023	6226.9	1	24	6
613	2023	2436.7	1	85	6
631	2023	2043.1	1	17	6
632	2023	5602.9	1	24	6
635	2023	5927.8	1	320	6
638	2023	2648.6	1	18.9	6
639	2023		1	6	6
641	2023		1	10	6
683	2023	3757.7	1	410	6
685	2023		1	18	6
771	2023	109.7	1	27.2	7
772	2023	4320.2	1	12	7
777	2023	0	1		7
856	2023	5596.8	1	16	2
857	2023	7298.1	1	12	2
873	2023		1	6	2
875	2023	5633.7	1	22	4
898	2023	63.1	1	24	5
988	2023	3519.6	1	20.252	2
993	2023	5023	1	23	1
1041	2023	122.2	1	82.6	7
1060	2023		1	12	4
1061	2023		1	16	4
1063	2023	5766.4	1	44	1
1068	2023		1	21	9
1128	2023	6731.7	1	24	2
1132	2023	7112.8	1	6	2
1188	2023		1	20	1
1197	2023		1	6	4
1209	2023	2418.7	1	24	6
1248	2023	167.7	1	297.44	6
1265	2023	7871.8	1	7.1	1
1266	2023	7223.1	1	2	3
1272	2023	3.4	1	16	2
1321	2023	1215	1	141	4
1325	2023		1	18	6
1327	2023		1	2.1	2
1328	2023	6367.2	1	12	2
1333	2023	5273.4	1	12	1
1335	2023	5884.8	1	60	1
1337	2023	4566.4	1	11.2	4
1341	2023		1	90	2
1366	2023	5172	1	75	1
1437	2023	3706	1	30	3
1439	2023	7847.6	1	49	3
1443	2023		1	10	6
1478	2023	4249.2	1	8.584	1
1561	2023	578.6	1	4	4
1562	2023	4688.3	1	2.114	4
1571	2023	2383.5	1	28	3
1575	2023	327.8	1	12	6
1593	2023		1	24	6
1771	2023	5800	1	131.91	5
1820	2023	0	1	110	2
1826	2023	63.3	1	49.8	7
1832	2023	1414.6	1	18	2
1836	2023	1862.5	1	7.5	1
1841	2023	3100.7	1	9.5	6
1842	2023		1	18	6
1851	2023		1	13.5	6
1854	2023	3002.7	1	399	6
1950	2023	11.4	1	17.3	6
2053	2023	666.2	1	5	9
2070	2023	2176.8	1	139.46	7
2072	2023	2468.1	1	2.166	3
2073	2023	322.9	1	12	1
2074	2023	50.8	1	9	1
2075	2023	53	1	9	1
3003	2023	2118.3	1	21	1
3011	2023	7326.9	1	206.4	6
3030	2023	3322.3	1	16	5
3041	2023	5037.7	1	12.45	2
3055	2023	287.1	1	7.5	2
3056	2023	7660.2	1	16	2
3063	2023	4279.3	1	7.276	4
3064	2023	3807.1	1	6.07	6
3065	2023		1	86	4
3068	2023		1	33	4
3087	2023	4422.2	1	24	3
3088	2023	4739.8	1	13.69	2
3089	2023	4867.6	1	23.49	3
3095	2023	526.9	1	10.8	4
3099	2023	2014.1	1	2.7	1
3115	2023	5614.7	1	6.5	1
3116	2023	1247.8	1	4.6	1
3119	2023	3236.3	1	33.771	4
3132	2023	4698.5	1	12	3
3133	2023	536	1	7.5	2
3136	2023	2634.3	1	6.7	2
3138	2023	8037.6	1	24	6
3139	2023	7960.5	1	24	6
3140	2023	6867.3	1	100	1
3141	2023	3956.2	1	6	1
3142	2023	2544.9	1	2.3	1
3144	2023	15.4	1	2.4	1
3160	2023	8178.3	1	15	1
3170	2023	3565.9	1	14	3
3173	2023	1062.5	1	6	4
3174	2023	3870.4	1	12.08	4
3175	2023	7158.6	1	2.118	2
3180	2023	5304.1	1	52.745	4
3181	2023	4530.7	1	2.25	4
3183	2023	3388.5	1	7.054	4
3202	2023	105.9	1	10.5	1
3204	2023	4659	1	25.218	4
3207	2023	6210.8	1	6.1	7
3209	2023	3515.5	1	7.93	4
3214	2023	6010.3	1	12	1
3222	2023	1204.7	1	33.9	4
3223	2023	2549.2	1	8	4
3226	2023	6586.2	1	48.4	4
3227	2023	1980.9	1	8.18	3
3230	2023		1	1.1	6
3240	2023	5659.5	1	3.9	4
7	2024	4354.4	1	182	1
10	2024	4143.2	1	305	1
22	2024	4245.9	1	24	1
25	2024	273.3	1	22	1
39	2024	5271.9	1	572.7	1
41	2024		1	27.4	4
43	2024	2654.3	1	23.259	2
55	2024	7234	1	20.5	1
78	2024	6324.5	1	20	1
79	2024	5003.6	1	78	1
82	2024	1728.9	1	18	1
84	2024	5127.2	1	93	1
85	2024	2432.5	1	24	1
86	2024	4725.9	1	22.8	1
90	2024		1	8.5	1
115	2024	8540.8	1	345.81	2
120	2024	1201.2	1	3	2
126	2024	1905	1	656.213	2
127	2024		1	4.3	3
164	2024	8141.9	1	12	1
204	2024	479.5	1	24	2
209	2024	3542.9	1	24.7	2
212	2024	8442.4	1	32.1	1
226	2024	2380.9	1	400	2
231	2024	5646.3	1	219.65	2
234	2024	7240.1	1	24.9	2
241	2024	3866.7	1	101.5	2
242	2024	5737	1	24	2
273	2024		1	12	2
282	2024		1	121	4
325	2024	5074.4	1	20.5	3
382	2024		1	16	4
580	2024	3774.9	1	200	6
582	2024	2263.1	1	18	6
612	2024	6113.1	1	24.8	6
613	2024	2676.3	1	85	6
631	2024	2197.9	1	17	6
632	2024	5142.5	1	24	6
635	2024	5110.7	1	320	6
638	2024	3026.3	1	19	6
639	2024		1	6	6
641	2024	0	1		6
683	2024	3728.5	1	410	6
685	2024	719.3	1	18	6
771	2024	117.7	1	27.2	7
777	2024	0	1		7
856	2024	5628.6	1	16	2
857	2024	6458.4	1	12	2
873	2024		1	6	2
875	2024	5930.5	1	22	4
898	2024		1	24	5
945	2024	5580.6	1	25.22	1
946	2024	4129	1	20	2
953	2024		1	5.5	1
988	2024	3831.4	1	20.252	2
1041	2024	119.7	1	82.6	7
1060	2024		1	12	4
1061	2024		1	16	4
1063	2024	5759.3	1	44	1
1128	2024	6667.8	1	24	2
1129	2024	2408.4	1	6	2
1132	2024	8597.7	1	6	2
1188	2024		1	20	1
1197	2024		1	6	4
1209	2024	1726.9	1	24	6
1248	2024	268.7	1	297.44	6
1265	2024	5986.9	1	7.1	1
1266	2024	7188.2	1	2	3
1272	2024	0.5	1	16	2
1321	2024	708.6	1	141	4
1325	2024	8233.2	1	18	6
1327	2024		1	2.1	2
1328	2024	6406.7	1	12	2
1333	2024	6142.9	1	12	1
1335	2024	5856.3	1	60	1
1337	2024	3823.7	1	11.2	4
1341	2024		1	90	2
1366	2024	6070.8	1	75	1
1437	2024	2929.6	1	30	3
1439	2024	7718.7	1	49	3
1443	2024	3942.7	1	10	6
1478	2024	4430.4	1	8.584	1
1561	2024	813.8	1	4	4
1562	2024	4783.1	1	2.114	4
1571	2024	2834.4	1	28	3
1575	2024	811.7	1	12	6
1587	2024	6500	1	62	9
1593	2024		1	24	6
1771	2024	5800	1	131.91	5
1820	2024		1	110	2
1826	2024	2.6	1	49.8	7
1832	2024	1254.3	1	18	2
1836	2024	1656.1	1	7.5	1
1837	2024	2849.5	1	8.16	4
1841	2024	3069.1	1	9.5	6
1842	2024	1	1	18	6
1851	2024	4018.9	1	13.5	6
1854	2024	3039.9	1	399	6
1891	2024	934.5	1	25	6
1950	2024	1.4	1	17.28	6
2053	2024	606	1	5	9
2070	2024	866	1	139.46	7
2072	2024	76.3	1	2.166	3
2073	2024	501.4	1	12	1
2074	2024	98.7	1	9	1
2075	2024	1.9	1	9	1
2088	2024	8937.8	1	150	2
3003	2024	2180.2	1	21	1
3007	2024	7542.9	1	6	4
3011	2024	6842.4	1	206.4	6
3035	2024		1	24.9	1
3041	2024	5895.5	1	12.458	2
3055	2024	61.9	1	10	2
3056	2024	6997.2	1	16	2
3062	2024		1	153	4
3063	2024	5784.1	1	7.276	4
3064	2024	3549.7	1	6	6
3065	2024	0.9	1	86	4
3068	2024		1	33	4
3087	2024	4052.9	1	24	3
3088	2024	4619.8	1	13.69	2
3089	2024	4835.2	1	23.49	3
3095	2024	252.7	1	10.8	4
3099	2024	1857.8	1	2.7	1
3115	2024	5146.1	1	6.5	1
3116	2024	8.2	1	4.5	1
3119	2024	1338.1	1	33.771	4
3132	2024	4540.3	1	12	3
3133	2024	805.2	1	7.5	2
3136	2024	3052.8	1	6.7	2
3138	2024	7971.4	1	24	6
3139	2024	8525.3	1	24	6
3140	2024	6645.7	1	100	1
3141	2024	4150.4	1	6	1
3142	2024	1343.9	1	2.3	1
3143	2024	5340.3	1	55	1
3144	2024	21.7	1	2.4	1
3160	2024	6120.9	1	16.5	1
3170	2024	2522.9	1	16	3
3173	2024	1814.1	1	20.5	4
3174	2024	3830.8	1	12.08	4
3175	2024	7228	1	2.118	2
3180	2024	5310.4	1	52.745	4
3181	2024	4389.2	1	2.25	4
3183	2024	4162.5	1	7.054	4
3202	2024	20.8	1	10.5	1
3204	2024	3506.5	1	25.218	4
3207	2024	5509.7	1	6.1	7
3209	2024	762.2	1	7.93	4
3214	2024	6884.6	1	12	1
3222	2024	1310.8	1	33.9	4
3223	2024	2600.5	1	8	4
3226	2024	7241.8	1	48.4	4
3227	2024	2153.9	1	8.18	3
3230	2024	6984.1	1	1.067	6
3240	2024	6742.1	1	3.9	4
3606	2024	4430.4	1	8.584	1
3607	2024	0	1		1
7	2025	4500	1	178	1
10	2025	4150	1	305	1
22	2025	4245	1	24	1
25	2025	300	1	22	1
39	2025	5272	1	572.7	1
41	2025	0	1	27.4	4
42	2025	490	1	53.06	1
43	2025	2660	1	23.253	2
55	2025	7234	1	20.5	1
78	2025	6325	1	20	1
79	2025	5000	1	78	1
82	2025	2000	1	18	1
84	2025	5150	1	93	1
85	2025	2450	1	24	1
86	2025	4750	1	22.8	1
90	2025		1	8.5	1
94	2025	1870	1	24	1
115	2025	8540	1	345.8	2
116	2025	8746	1	189.8	2
117	2025	6440	1	159	2
120	2025	1200	1	3	2
126	2025	3400	1	656.21	2
127	2025	0	1	4.3	3
142	2025	1310	1	43	2
164	2025	8142	1	12	1
204	2025	1070	1	24	2
209	2025	3545	1	24.7	2
212	2025	8442	1	35.518	1
226	2025	2380	1	400	2
234	2025	7240	1	24.9	2
239	2025	5190	1	105	2
241	2025	3900	1	101.5	2
242	2025	5740	1	24	2
272	2025	7521	1	332	2
273	2025	0	1	12	2
282	2025	0.05	1	121	4
325	2025	5075	1	20.5	3
355	2025	5100	1	54	3
382	2025	0	1	6	4
433	2025	6670	1	494.783	3
435	2025	7600	1	149.9	5
437	2025	3965	1	108	5
455	2025	7300	1	24.5	5
456	2025	7400	1	300	5
457	2025	7500	1	208.77	5
458	2025	7700	1	101	5
459	2025	5800	1	229	5
460	2025	4000	1	36	5
461	2025	0	1	6	5
483	2025	7500	1	23.6	5
487	2025	5200	1	24	5
497	2025	6400	1	172	5
526	2025	0	1	8.001	5
533	2025	1400	1	10	5
580	2025	3775	1	200	6
582	2025	2263	1	18	6
585	2025	866	1	14.7	6
608	2025	5248	1	600	6
612	2025	6113	1	24.8	6
613	2025	2676	1	85	6
631	2025	2198	1	17	6
632	2025	5143	1	24	6
635	2025	5111	1	320	6
638	2025	3026	1	18.9	6
639	2025	0	1	6	6
641	2025	1	1	0	6
681	2025	3502	1	12	6
682	2025	2689	1	24	6
683	2025	3728	1	410	6
685	2025	719	1	18	6
744	2025	1340	1	50	9
755	2025	5130	1	48	9
771	2025	120	1	27.2	7
772	2025	4500	1	12	7
777	2025		1	0	7
832	2025	0	1	120	5
856	2025	5630	1	16	2
857	2025	6460	1	12	2
873	2025	0	1	0	2
875	2025	6000	1	22	4
898	2025	0	1	24	5
945	2025	5580	1	25.218	1
946	2025	4130	1	20	2
953	2025	0	1	5.48	1
956	2025	2610	1	12	2
988	2025	3830	1	20.25	2
1041	2025	150	1	82.6	7
1060	2025	0	1	12	4
1061	2025		1	16	4
1062	2025	0.06	1	6	4
1063	2025	5800	1	44	1
1068	2025	0	1	21	9
1097	2025	3860	1	76	6
1128	2025	6670	1	24	2
1129	2025	2410	1	6	2
1132	2025	8600	1	6	2
1144	2025	2000	1	12	2
1155	2025	6000	1	24	5
1156	2025	300	1	72	5
1157	2025	260	1	72	5
1188	2025	0	1	20	1
1197	2025	0	1	6	4
1203	2025	4500	1	144.7	5
1209	2025	1740	1	24	6
1211	2025	1908	1	24	6
1214	2025	4600	1	4	5
1241	2025	5100	1	43.6	3
1248	2025	269	1	297.44	6
1265	2025	6000	1	7.1	1
1266	2025	7200	1	2	3
1269	2025	8400	1	170	2
1272	2025	0.5	1	16	2
1274	2025	8342	1	144.8	6
1310	2025	4380	1	53	2
1321	2025	1000	1	294	4
1323	2025	1600	1	6	5
1325	2025	8233	1	18	6
1327	2025	0	1	2.1	2
1328	2025	6030	1	22.9	2
1333	2025	6150	1	12	1
1335	2025	5860	1	60	1
1337	2025	3830	1	9.75	4
1341	2025	0.05	1	90	2
1353	2025	1000	1	2.6	5
1366	2025	6070	1	75	1
1437	2025	3000	1	30	3
1439	2025	7719	1	49	3
1443	2025	3943	1	10	6
1478	2025	4500	1	8.6	1
1518	2025	0.05	1	64.8	2
1561	2025	815	1	4	4
1562	2025	4800	1	2.1	4
1571	2025	2840	1	28	3
1575	2025	800	1	12	6
1580	2025	420	1	5	3
1587	2025	6500	1	62	9
1588	2025	8630	1	67.259	3
1593	2025	0	1	24	6
1595	2025	2875	1	73	3
1597	2025	7000	1	24.9	5
1758	2025	1800	1	106	5
1759	2025	8200	1	607.62	5
1761	2025	1200	1	36.9	5
1762	2025	2300	1	10	5
1763	2025	8000	1	54.672	5
1766	2025	6800	1	24	5
1770	2025	8000	1	315	5
1771	2025	5800	1	131.908	5
1814	2025	3770	1	19.9	5
1817	2025	600	1	25	9
1820	2025	0	1	110	2
1826	2025	0	1	46.2	7
1832	2025	1255	1	18	2
1836	2025	1700	1	7.5	1
1837	2025	3600	1	8.202	4
1841	2025	3069	1	9.5	6
1842	2025	0	1	18	6
1851	2025	4019	1	13.5	6
1854	2025	2966	1	349	6
1865	2025	5300	1	3.5	5
1891	2025	935	1	25	6
1938	2025	10000	1	24	5
1950	2025	50	1	17.3	6
1952	2025	4000	1	18.4	5
2053	2025	600	1	5	9
2066	2025	8000	1	106.5	5
2070	2025	0	1	139.46	7
2072	2025	80	1	2.166	3
2073	2025	500	1	12	1
2074	2025	100	1	9	1
2075	2025	2	1	9	1
2077	2025	325	1	15.6	6
2084	2025	7600	1	72	5
2088	2025	8940	1	150	2
3003	2025	2200	1	21	1
3007	2025	7543	1	6	4
3011	2025	7335	1	206.4	6
3014	2025	3720	1	40	2
3015	2025	1000	1	3	5
3032	2025	5000	1	12	5
3034	2025	3500	1	14.4	5
3035	2025	0	1	24.9	1
3036	2025	7500	1	21.2	5
3037	2025	2000	1	34.53	5
3038	2025	2200	1	15	5
3039	2025	8600	1	60	5
3041	2025	5895	1	12.45	2
3054	2025	1300	1	8	5
3055	2025	60	1	7.5	2
3056	2025	7000	1	16	2
3062	2025	0	1	153	4
3063	2025	5800	1	7.28	4
3064	2025	3550	1	6	6
3065	2025	1	1	86	4
3068	2025	0	1	33	4
3075	2025	900	1	20.4	4
3081	2025	0	1	23.4	2
3087	2025	4100	1	24	3
3088	2025	4620	1	13.69	2
3089	2025	4860	1	23.496	3
3090	2025	165	1	131.8	4
3091	2025	105	1	135	4
3092	2025	110	1	129.3	4
3095	2025	500	1	10.8	4
3099	2025	2000	1	2.7	1
3100	2025	6200	1	200	5
3115	2025	5200	1	6.5	1
3116	2025	300	1	4.62	1
3119	2025	2200	1	33.8	4
3124	2025	7000	1	28.85	5
3132	2025	4600	1	12	3
3133	2025	800	1	7.5	2
3134	2025	3620	1	17	2
3135	2025	5350	1	6.2	2
3136	2025	3050	1	6.704	2
3138	2025	7971	1	24	6
3139	2025	8502	1	24	6
3140	2025	6650	1	100	1
3141	2025	4200	1	6	1
3142	2025	1500	1	2.3	1
3143	2025	5340	1	55	1
3144	2025	500	1	2.4	1
3145	2025	3180	1	10.4	1
3148	2025	7800	1	23.902	5
3149	2025	7200	1	8.6	5
3150	2025	200	1	12	5
3151	2025	4000	1	9	5
3153	2025	4700	1	20	5
3154	2025	5200	1	20	5
3155	2025	7370	1	42.99	3
3159	2025	5500	1	18	5
3160	2025	6700	1	15	1
3161	2025	2680	1	6	2
3162	2025	2500	1	70	2
3164	2025	0	1	12	5
3166	2025	6200	1	14.5	5
3167	2025	0	1	3.09	5
3169	2025	7500	1	92	5
3170	2025	2523	1	14	3
3171	2025	7911	1	18	3
3173	2025	2000	1	20.5	4
3174	2025	3900	1	12.078	4
3175	2025	7230	1	2.12	2
3177	2025	5850	1	24.9	5
3178	2025	3400	1	6	2
3180	2025	5310	1	52.7	4
3181	2025	4500	1	2	4
3183	2025	4300	1	7.1	4
3184	2025	5035	1	12.504	3
3185	2025	4200	1	24	3
3186	2025	88.3	1	162	6
3189	2025	1200	1	15.4	5
3190	2025	6500	1	35.84	5
3191	2025	5000	1	4.3	5
3192	2025	6300	1	16	5
3194	2025	6000	1	25.8	5
3199	2025	6500	1	300.24	5
3202	2025	30	1	10.5	1
3204	2025	3510	1	25.2	4
3205	2025	0	1	4	5
3206	2025	6300	1	4.5	5
3207	2025	5600	1	6	7
3209	2025	1300	1	8.1	4
3211	2025	8050	1	16	5
3212	2025	2500	1	5.2	5
3214	2025	6900	1	12	1
3219	2025	5291.9792	1	72	7
3222	2025	1310	1	33.9	4
3223	2025	2600	1	8	4
3226	2025	7242	1	48.37	4
3227	2025	2200	1	8.2	3
3228	2025	7950	1	16	3
3229	2025	4200	1	8	5
3230	2025	6774	1	1.1	6
3232	2025	2000	1	13.26	7
3240	2025	6742	1	3.9	4
3579	2025	5000	1	160.5	4
3606	2025	4500	1	8.6	1
7	2026	4400	1	178	1
10	2026	4150	1	305	1
22	2026	4250	1	24	1
25	2026	1400	1	22	1
39	2026	5271.99999999999	1	512.7	1
41	2026	0	1	27.4	4
42	2026	490	1	53.06	1
43	2026	2660	1	23.253	2
55	2026	7234	1	20.5	1
78	2026	6325	1	20	1
79	2026	5061.46666666667	1	78	1
82	2026	2000	1	18	1
84	2026	5150	1	93	1
85	2026	2450	1	24	1
86	2026	4800	1	22.8	1
90	2026		1	8.5	1
94	2026	1900	1	24	1
115	2026	8540	1	345.8	2
116	2026	7337.39721954244	1	189.8	2
117	2026	6440	1	159	2
120	2026	1200	1	3	2
126	2026	3400	1	656.21	2
127	2026	0	1	4.3	3
142	2026	1310	1	43	2
164	2026	8142	1	12	1
204	2026	1070	1	24	2
209	2026	3545	1	24.7	2
212	2026	8442	1	35.518	1
226	2026	2380	1	400	2
234	2026	7682.6111424578	1	24.9	2
239	2026	5190	1	105	2
241	2026	3900	1	101.5	2
242	2026	5957.03337396161	1	24	2
248	2026	6750	1	6.72	5
272	2026	7521	1	332	2
273	2026	0	1	12	2
282	2026	0.05	1	121	4
325	2026	5075	1	20.5	3
355	2026	5100	1	54	3
382	2026	0	1	6	4
386	2026	6000	1	130	4
433	2026	6670	1	494.783	3
435	2026	7990	1	149.9	5
436	2026	2115	1	24	5
437	2026	3965	1	108	5
438	2026	2015	1	70.5	5
455	2026	7300	1	24.5	5
456	2026	7400	1	300	5
457	2026	7500	1	208.77	5
458	2026	7700	1	101	5
459	2026	5800	1	229	5
460	2026	4000	1	36	5
461	2026	0	1	6	5
483	2026	7300	1	23.6	5
487	2026	5200	1	24	5
497	2026	6450	1	172	5
506	2026	6013.91304347826	1	23	5
511	2026	6200	1	458	5
526	2026	0	1	8.001	5
533	2026	1688.2599362149	1	10	5
551	2026	7300	1	119.57	5
565	2026	6500	1	1200	6
580	2026	3775	1	200	6
582	2026	2440.21885999078	1	18	6
584	2026	6500	1	140	6
585	2026	866	1	14.7	6
608	2026	5248	1	600	6
612	2026	6113	1	24.8	6
613	2026	2676	1	85	6
628	2026	6500	1	469.9	6
631	2026	2198	1	17	6
632	2026	5143	1	24	6
635	2026	5111	1	320	6
636	2026	6500	1	421	6
637	2026	6500	1	89.9	6
638	2026	3026	1	18.8	6
639	2026	0	1	6	6
641	2026	1	1	0	6
644	2026	6500	1	60	6
681	2026	3502	1	12	6
682	2026	2689	1	24	6
683	2026	3728	1	410	6
685	2026	723.9726661449	1	18	6
729	2026	137.1	1	224	9
737	2026	2072.3	1	75	9
741	2026	3833	1	30	9
744	2026	1340	1	50	9
755	2026	5130	1	48	9
766	2026	6500	1	170.1	7
771	2026	120	1	27.2	7
772	2026	4500	1	12	7
773	2026	2000	1	80	7
777	2026		1	0	7
829	2026	6500	1	282	5
832	2026	0	1	120	5
856	2026	5823.89143595825	1	16	2
873	2026	0	1	0	2
875	2026	6000	1	22	4
898	2026	0	1	24	5
945	2026	5580	1	25.218	1
946	2026	4130	1	20	2
953	2026	0	1	5.48	1
956	2026	2610	1	12	2
988	2026	3830	1	20.25	2
989	2026	7000	1	24	5
1041	2026	150	1	82.55	7
1060	2026	0	1	12	4
1061	2026		1	16	4
1062	2026		1	6	4
1063	2026	5800	1	44	1
1068	2026	0	1	21	9
1097	2026	3860	1	76	6
1128	2026	6670	1	24	2
1129	2026	2533.00432830387	1	6	2
1132	2026	8919.27514546966	1	6	2
1144	2026	2000	1	12	2
1155	2026	6000	1	24	5
1156	2026	300	1	72	5
1157	2026	260	1	72	5
1188	2026	0	1	20	1
1197	2026	0	1	6	4
1203	2026	4500	1	144.7	5
1209	2026	1740	1	24	6
1211	2026	1908	1	24	6
1214	2026	5002.52019853031	1	4	5
1241	2026	5100	1	43.6	3
1248	2026	269	1	297.44	6
1265	2026	6000	1	7.1	1
1266	2026	7200	1	2	3
1269	2026	8400	1	170	2
1272	2026	0.5	1	16	2
1274	2026	8342	1	144.8	6
1310	2026	4380	1	53	2
1314	2026	0	1	33	7
1321	2026	1000	1	294	4
1323	2026	1600	1	6	5
1325	2026	8233	1	18	6
1327	2026	0	1	2.1	2
1328	2026	6030	1	22.9	2
1333	2026	6150	1	12	1
1335	2026	5860	1	60	1
1337	2026	3830	1	9.75	4
1341	2026	0.05	1	90	2
1350	2026	7400	1	24.2	2
1353	2026	1000	1	2.6	5
1363	2026	2000	1	220	7
1366	2026	6070	1	75	1
1437	2026	3000	1	30	3
1439	2026	7719	1	49	3
1443	2026	3943	1	10	6
1478	2026	4500	1	8.6	1
1505	2026	7300	1	17.92	5
1518	2026	0.05	1	64.8	2
1561	2026	815	1	4	4
1562	2026	4800	1	2.1	4
1565	2026	1900	1	173.587	7
1570	2026	2539	1	36	6
1571	2026	2840	1	28	3
1575	2026	800	1	12	6
1580	2026	420	1	5	3
1587	2026	6500	1	62	9
1588	2026	8630	1	67.259	3
1593	2026	0	1	24	6
1595	2026	2875	1	73	3
1597	2026	7000	1	24.9	5
1610	2026	6000	1	126	7
1701	2026	2500	1	233.609	9
1758	2026	2009.91560686681	1	106	5
1759	2026	8200	1	607.62	5
1761	2026	1200	1	36.9	5
1762	2026	2300	1	10	5
1763	2026	8000	1	54.672	5
1766	2026	6800	1	24	5
1770	2026	8000	1	315	5
1771	2026	5800	1	131.908	5
1799	2026	2653	1	144	6
1814	2026	3770	1	19.9	5
1817	2026	1440	1	25	9
1820	2026	0	1	110	2
1826	2026	0	1	46.2	7
1832	2026	1305.26674857549	1	18	2
1836	2026	1700	1	7.5	1
1837	2026	3600	1	8.202	4
1841	2026	3069	1	9.5	6
1842	2026	0	1	18	6
1851	2026	4019	1	13.5	6
1854	2026	2966	1	384	6
1865	2026	5300	1	3.5	5
1891	2026	935	1	25	6
1938	2026	10000	1	24	5
1950	2026	50	1	17.3	6
1952	2026	4000	1	18.4	5
2053	2026	600	1	5	9
2066	2026	8000	1	106.5	5
2070	2026	0	1	139.46	7
2072	2026	80	1	2.166	3
2073	2026	500	1	12	1
2074	2026	100	1	9	1
2075	2026	2	1	9	1
2077	2026	325	1	15.6	6
2084	2026	7600	1	72	5
2088	2026	8300	1	450	2
3003	2026	2200	1	21	1
3007	2026	7543	1	6	4
3011	2026	7335	1	206.4	6
3014	2026	3720	1	40	2
3015	2026	1000	1	3	5
3032	2026	5000	1	12	5
3034	2026	3500	1	14.4	5
3035	2026	0	1	24.9	1
3036	2026	7500	1	21.2	5
3037	2026	2100	1	34.53	5
3038	2026	2200	1	15	5
3039	2026	8600	1	60	5
3040	2026	4000	1	14.92	5
3041	2026	5895	1	12.45	2
3054	2026	4122.52400745139	1	8	5
3055	2026	60.0000000000001	1	7.5	2
3056	2026	7000	1	16	2
3057	2026	4057.1800702509	1	24	5
3061	2026	7477.03830685856	1	24.9	5
3062	2026	0	1	153	4
3063	2026	5800	1	7.28	4
3064	2026	3550	1	6	6
3065	2026	1	1	86	4
3068	2026	0	1	33	4
3074	2026	400	1	18	4
3075	2026	900	1	20.4	4
3081	2026	0	1	23.4	2
3087	2026	4050	1	24	3
3088	2026	4620	1	13.69	2
3089	2026	4860	1	23.496	3
3090	2026	165	1	131.8	4
3091	2026	105	1	135	4
3092	2026	110	1	129.3	4
3095	2026	503.848010880147	1	10.8	4
3099	2026	2000	1	2.7	1
3100	2026	6290.85868230988	1	200	5
3115	2026	5200	1	6.5	1
3116	2026	300	1	4.62	1
3119	2026	2200	1	33.8	4
3124	2026	7000	1	28.85	5
3132	2026	4600	1	12	3
3133	2026	800	1	7.5	2
3134	2026	3757.09592788999	1	17	2
3135	2026	5350	1	6.2	2
3136	2026	3050	1	6.704	2
3138	2026	7971	1	24	6
3139	2026	8502	1	24	6
3140	2026	6650	1	100	1
3141	2026	4200	1	6	1
3142	2026	1350	1	2.3	1
3143	2026	5340	1	55	1
3144	2026	100	1	2.4	1
3145	2026	3180	1	10.4	1
3148	2026	7800	1	23.902	5
3149	2026	7200	1	8.6	5
3150	2026	300	1	12	5
3151	2026	4000	1	9	5
3153	2026	4700	1	20	5
3154	2026	5200	1	20	5
3155	2026	7370	1	42.99	3
3159	2026	5764.96308415993	1	18	5
3160	2026	6700	1	15	1
3161	2026	2680	1	6	2
3162	2026	4500	1	280	2
3163	2026	363.57726311527	1	8	5
3164	2026	0	1	12	5
3165	2026	8389.6537725	1	16	5
3166	2026	6200	1	14.5	5
3167	2026	0	1	3.09	5
3169	2026	7500	1	92	5
3170	2026	2523	1	14	3
3171	2026	7911	1	18	3
3172	2026	0	1	55	3
3173	2026	2000	1	20.5	4
3174	2026	3900	1	12.078	4
3175	2026	7230	1	2.12	2
3176	2026	7200	1	3.55	3
3177	2026	5850	1	24.9	5
3178	2026	3545.39265324867	1	6	2
3180	2026	5310	1	52.7	4
3181	2026	4500	1	2	4
3183	2026	4300	1	7.1	4
3184	2026	5035	1	12.504	3
3185	2026	4200	1	24	3
3186	2026	1369	1	162	6
3189	2026	1200	1	15.4	5
3190	2026	6500	1	35.84	5
3191	2026	5000	1	4.3	5
3192	2026	6300	1	16	5
3193	2026	6370	1	2.4	5
3194	2026	6000	1	25.8	5
3195	2026	5700	1	55.9	5
3199	2026	6500	1	300.24	5
3201	2026	7000	1	77.4	5
3202	2026	30	1	10.5	1
3204	2026	3510	1	25.2	4
3205	2026	500	1	4	5
3206	2026	6300	1	4.5	5
3207	2026	5600	1	6	7
3209	2026	1300	1	8.1	4
3211	2026	8050	1	16	5
3212	2026	2500	1	5.2	5
3213	2026	0	1	6.45	5
3214	2026	6900	1	12	1
3219	2026	5291.9792	1	72	7
3221	2026	5500	1	207.108	5
3222	2026	1310	1	33.9	4
3223	2026	2600	1	8	4
3224	2026	2850	1	30	7
3226	2026	7242	1	48.37	4
3227	2026	2200	1	8.2	3
3228	2026	8000	1	16	3
3229	2026	4200	1	8	5
3230	2026	6774	1	1.1	6
3231	2026	3270	1	13.93	5
3232	2026	5500	1	13.26	7
3240	2026	6742	1	3.9	4
3241	2026	6000	1	14.3	5
3581	2026	0	1	198	4
3606	2026	4500	1	8.6	1
7	2027	4400	1	178	1
10	2027	4150	1	305	1
22	2027	4250	1	24	1
25	2027	1400	1	22	1
39	2027	5271.99999999999	1	512.7	1
42	2027	490	1	53.06	1
43	2027	2660	1	23.253	2
55	2027	7234	1	20.5	1
78	2027	6325	1	20	1
79	2027	5061.46666666667	1	78	1
82	2027	2000	1	18	1
84	2027	5150	1	93	1
85	2027	2450	1	24	1
86	2027	4800	1	22.8	1
90	2027		1	8.5	1
94	2027	1900	1	24	1
115	2027	8540	1	345.8	2
116	2027	7337.39721954244	1	189.8	2
117	2027	6440	1	159	2
120	2027	1200	1	3	2
126	2027	3400	1	656.21	2
127	2027	0	1	4.3	3
142	2027	1310	1	43	2
164	2027	8142	1	12	1
204	2027	1070	1	24	2
209	2027	3545	1	24.7	2
212	2027	8442	1	35.518	1
226	2027	2380	1	400	2
234	2027	7682.6111424578	1	24.9	2
239	2027	5190	1	105	2
241	2027	3900	1	101.5	2
242	2027	5957.03337396161	1	24	2
248	2027	6750	1	6.72	5
272	2027	7521	1	332	2
273	2027	0	1	12	2
282	2027	0.05	1	121	4
325	2027	5075	1	20.5	3
355	2027	5100	1	54	3
382	2027	0	1	6	4
386	2027	6000	1	130	4
433	2027	6670	1	494.783	3
435	2027	7990	1	149.9	5
436	2027	2115	1	24	5
437	2027	3965	1	108	5
438	2027	2015	1	70.5	5
455	2027	7300	1	24.5	5
456	2027	7400	1	300	5
457	2027	7500	1	208.77	5
458	2027	7700	1	101	5
459	2027	5800	1	229	5
460	2027	4000	1	36	5
461	2027	0	1	6	5
472	2027	6500	1	42	5
483	2027	7300	1	23.6	5
487	2027	5200	1	24	5
497	2027	6500	1	172	5
506	2027	6013.91304347826	1	23	5
511	2027	6200	1	458	5
526	2027	0	1	8.001	5
533	2027	1688.2599362149	1	10	5
551	2027	7300	1	119.57	5
565	2027	6500	1	1200	6
580	2027	3775	1	200	6
582	2027	2440.21885999078	1	18	6
584	2027	6500	1	140	6
585	2027	866	1	14.7	6
608	2027	5248	1	600	6
612	2027	6113	1	24.8	6
613	2027	2676	1	85	6
628	2027	6500	1	469.9	6
631	2027	2198	1	17	6
632	2027	5143	1	24	6
635	2027	5111	1	320	6
636	2027	6500	1	421	6
637	2027	6500	1	89.9	6
638	2027	3026	1	18.8	6
639	2027	0	1	6	6
641	2027	1	1	0	6
644	2027	6500	1	60	6
676	2027	6500	1	452.8	6
681	2027	3502	1	12	6
682	2027	2689	1	24	6
683	2027	3728	1	410	6
685	2027	723.9726661449	1	18	6
691	2027	6700	1	50	7
704	2027	5800	1	101	7
729	2027	137.1	1	224	9
737	2027	2072.3	1	75	9
741	2027	3833	1	30	9
744	2027	1340	1	50	9
755	2027	5130	1	48	9
764	2027	5300	1	360	7
771	2027	120	1	27.2	7
772	2027	4500	1	12	7
777	2027		1	0	7
829	2027	6500	1	282	5
832	2027	0	1	120	5
856	2027	5823.89143595825	1	16	2
873	2027	0	1	0	2
875	2027	6000	1	22	4
898	2027	0	1	24	5
945	2027	5580	1	25.218	1
946	2027	4130	1	20	2
953	2027	0	1	5.48	1
956	2027	2610	1	12	2
988	2027	3830	1	20.25	2
989	2027	7000	1	24	5
1028	2027	4000	1	280	7
1032	2027	3800	1	410	7
1041	2027	150	1	82.6	7
1060	2027	0	1	12	4
1061	2027		1	16	4
1062	2027		1	6	4
1063	2027	5800	1	44	1
1068	2027	0	1	21	9
1097	2027	3860	1	76	6
1128	2027	6670	1	24	2
1129	2027	2533.00432830387	1	6	2
1132	2027	8919.27514546966	1	6	2
1144	2027	2000	1	12	2
1155	2027	6000	1	24	5
1156	2027	300	1	72	5
1157	2027	260	1	72	5
1185	2027	0	1	275	2
1188	2027	0	1	20	1
1197	2027	0	1	6	4
1203	2027	4500	1	144.7	5
1209	2027	1740	1	24	6
1211	2027	1908	1	24	6
1214	2027	5002.52019853031	1	4	5
1241	2027	5100	1	43.6	3
1248	2027	269	1	297.44	6
1265	2027	6000	1	7.1	1
1266	2027	7200	1	2	3
1269	2027	8400	1	170	2
1272	2027	0.5	1	16	2
1274	2027	8342	1	144.8	6
1291	2027	6700	1	160	7
1298	2027	7100	1	405.6	3
1310	2027	4380	1	53	2
1321	2027	1000	1	294	4
1323	2027	1600	1	6	5
1325	2027	8233	1	18	6
1327	2027	0	1	2.1	2
1328	2027	6030	1	22.9	2
1333	2027	6150	1	12	1
1335	2027	5860	1	60	1
1337	2027	3830	1	9.75	4
1341	2027	0.05	1	90	2
1350	2027	7400	1	24.2	2
1353	2027	1000	1	2.6	5
1366	2027	6070	1	75	1
1437	2027	3000	1	30	3
1439	2027	7719	1	49	3
1443	2027	3943	1	10	6
1478	2027	4500	1	8.6	1
1505	2027	7300	1	17.92	5
1518	2027	0.05	1	64.8	2
1561	2027	815	1	4	4
1562	2027	4800	1	2.1	4
1565	2027	1900	1	173.587	7
1570	2027	2539	1	36	6
1571	2027	2840	1	28	3
1575	2027	800	1	12	6
1580	2027	420	1	5	3
1587	2027	6500	1	62	9
1588	2027	8630	1	67.259	3
1593	2027	0	1	24	6
1595	2027	2875	1	73	3
1597	2027	7000	1	24.9	5
1610	2027	6000	1	126	7
1701	2027	2060	1	283.609	9
1756	2027	0	1	450	7
1758	2027	2009.91560686681	1	106	5
1759	2027	8200	1	607.62	5
1761	2027	1200	1	36.9	5
1762	2027	2300	1	10	5
1763	2027	8000	1	54.672	5
1766	2027	6800	1	24	5
1770	2027	8000	1	315	5
1771	2027	5800	1	131.908	5
1799	2027	2653	1	144	6
1814	2027	3770	1	19.9	5
1817	2027	1440	1	25	9
1820	2027	0	1	110	2
1826	2027	0	1	46.2	7
1832	2027	1305.26674857549	1	18	2
1836	2027	1700	1	7.5	1
1837	2027	3600	1	8.202	4
1841	2027	3069	1	9.5	6
1842	2027	0	1	18	6
1851	2027	4019	1	13.5	6
1854	2027	2966	1	284	6
1865	2027	5300	1	3.5	5
1891	2027	935	1	25	6
1938	2027	10000	1	24	5
1950	2027	50	1	17.3	6
1952	2027	4000	1	18.4	5
2053	2027	600	1	5	9
2066	2027	8000	1	106.5	5
2070	2027	0	1	139.46	7
2072	2027	80	1	2.166	3
2073	2027	500	1	12	1
2074	2027	100	1	9	1
2075	2027	2	1	9	1
2077	2027	325	1	15.6	6
2084	2027	7600	1	72	5
2088	2027	8300	1	450	2
3003	2027	2200	1	21	1
3007	2027	7543	1	6	4
3011	2027	7335	1	206.4	6
3014	2027	3720	1	40	2
3015	2027	1000	1	3	5
3032	2027	5000	1	12	5
3034	2027	3500	1	14.4	5
3035	2027	0	1	24.9	1
3036	2027	7500	1	21.2	5
3037	2027	2100	1	34.53	5
3038	2027	2200	1	15	5
3039	2027	8600	1	60	5
3040	2027	4000	1	14.92	5
3041	2027	5895	1	12.45	2
3054	2027	4122.52400745139	1	8	5
3055	2027	60.0000000000001	1	7.5	2
3056	2027	7000	1	16	2
3057	2027	4057.1800702509	1	24	5
3061	2027	7477.03830685856	1	24.9	5
3062	2027	0	1	153	4
3063	2027	5800	1	7.28	4
3064	2027	3550	1	6	6
3065	2027	1	1	86	4
3068	2027	0	1	33	4
3072	2027	5000	1	90	4
3074	2027	400	1	18	4
3075	2027	900	1	20.4	4
3081	2027	0	1	23.4	2
3087	2027	4050	1	24	3
3088	2027	4620	1	13.69	2
3089	2027	4860	1	23.496	3
3090	2027	165	1	131.8	4
3091	2027	105	1	135	4
3092	2027	110	1	129.3	4
3095	2027	503.848010880147	1	10.8	4
3099	2027	2000	1	2.7	1
3100	2027	6290.85868230988	1	200	5
3115	2027	5200	1	6.5	1
3116	2027	300	1	4.62	1
3119	2027	2200	1	33.8	4
3124	2027	7000	1	28.85	5
3132	2027	4600	1	12	3
3133	2027	800	1	7.5	2
3134	2027	3757.09592788999	1	17	2
3135	2027	5350	1	6.2	2
3136	2027	3050	1	6.704	2
3138	2027	7971	1	24	6
3139	2027	8502	1	24	6
3140	2027	6650	1	100	1
3141	2027	4200	1	6	1
3142	2027	1350	1	2.3	1
3143	2027	5340	1	55	1
3144	2027	100	1	2.4	1
3145	2027	3180	1	10.4	1
3148	2027	7800	1	23.902	5
3149	2027	7200	1	8.6	5
3150	2027	500	1	12	5
3151	2027	4000	1	9	5
3153	2027	4700	1	20	5
3154	2027	5200	1	20	5
3155	2027	7370	1	42.99	3
3159	2027	5764.96308415993	1	18	5
3160	2027	6700	1	15	1
3161	2027	2680	1	6	2
3162	2027	4500	1	280	2
3163	2027	363.57726311527	1	8	5
3164	2027	0	1	12	5
3165	2027	8389.6537725	1	16	5
3166	2027	6200	1	14.5	5
3167	2027	0	1	3.09	5
3169	2027	7500	1	92	5
3170	2027	2523	1	14	3
3171	2027	7911	1	18	3
3172	2027	5500	1	55	3
3173	2027	2000	1	20.5	4
3174	2027	3900	1	12.078	4
3175	2027	7230	1	2.12	2
3176	2027	7200	1	3.55	3
3177	2027	5850	1	24.9	5
3178	2027	3545.39265324867	1	6	2
3180	2027	5310	1	52.7	4
3181	2027	4500	1	2	4
3183	2027	4300	1	7.1	4
3184	2027	5035	1	12.504	3
3185	2027	4200	1	24	3
3186	2027	2528	1	162	6
3189	2027	1200	1	15.4	5
3190	2027	6500	1	35.84	5
3191	2027	5000	1	4.3	5
3192	2027	6300	1	16	5
3193	2027	6370	1	2.4	5
3194	2027	6000	1	25.8	5
3195	2027	5700	1	55.9	5
3199	2027	6500	1	300.24	5
3201	2027	7000	1	77.4	5
3202	2027	30	1	10.5	1
3204	2027	3510	1	25.2	4
3205	2027	500	1	4	5
3206	2027	6400	1	4.5	5
3207	2027	5600	1	6	7
3209	2027	1300	1	8.1	4
3211	2027	8050	1	16	5
3212	2027	2500	1	5.2	5
3213	2027	0	1	6.45	5
3214	2027	6900	1	12	1
3219	2027	5291.9792	1	72	7
3221	2027	5500	1	207.108	5
3222	2027	1310	1	33.9	4
3223	2027	2600	1	8	4
3224	2027	5500	1	30	7
3226	2027	7242	1	48.37	4
3227	2027	2200	1	8.2	3
3228	2027	8000	1	16	3
3229	2027	4200	1	8	5
3230	2027	6774	1	1.1	6
3231	2027	3270	1	13.93	5
3232	2027	5500	1	13.26	7
3240	2027	6742	1	3.9	4
3241	2027	6000	1	14.3	5
3581	2027	0	1	198	4
3606	2027	4500	1	8.6	1
7	2028	4400	1	178	1
10	2028	4150	1	305	1
22	2028	4250	1	24	1
25	2028	1400	1	22	1
39	2028	5271.99999999999	1	512.7	1
42	2028	490	1	53.06	1
43	2028	2660	1	23.253	2
55	2028	7234	1	20.5	1
78	2028	6325	1	20	1
79	2028	5061.46666666667	1	78	1
82	2028	2000	1	18	1
84	2028	5150	1	93	1
85	2028	2450	1	24	1
86	2028	4800	1	22.8	1
90	2028		1	8.5	1
94	2028	1900	1	24	1
115	2028	8540	1	345.8	2
116	2028	7337.39721954244	1	189.8	2
117	2028	6440	1	159	2
120	2028	1200	1	3	2
126	2028	3400	1	656.21	2
127	2028	0	1	4.3	3
142	2028	1310	1	43	2
154	2028	5000	1	896.4	2
164	2028	8142	1	12	1
204	2028	1070	1	24	2
209	2028	3545	1	24.7	2
212	2028	8442	1	35.518	1
226	2028	2380	1	400	2
234	2028	7682.6111424578	1	24.9	2
239	2028	5190	1	105	2
241	2028	3900	1	101.5	2
242	2028	5957.03337396161	1	24	2
248	2028	6750	1	6.72	5
272	2028	7521	1	332	2
273	2028	0	1	12	2
282	2028	0.05	1	121	4
325	2028	5075	1	20.5	3
355	2028	5100	1	54	3
379	2028	4000	1	745	4
382	2028	0	1	6	4
386	2028	6000	1	130	4
433	2028	6670	1	494.783	3
435	2028	7990	1	149.9	5
436	2028	2115	1	24	5
437	2028	3965	1	108	5
438	2028	2015	1	70.5	5
455	2028	7300	1	24.5	5
456	2028	7400	1	300	5
457	2028	7500	1	208.77	5
458	2028	7700	1	101	5
459	2028	5800	1	229	5
460	2028	4000	1	36	5
461	2028	0	1	6	5
472	2028	6500	1	42	5
483	2028	7300	1	23.6	5
487	2028	5200	1	24	5
497	2028	6500	1	172	5
506	2028	6013.91304347826	1	23	5
511	2028	6200	1	458	5
526	2028	0	1	8.001	5
533	2028	1688.2599362149	1	10	5
551	2028	7300	1	119.57	5
559	2028	6500	1	536.5	6
565	2028	6500	1	1200	6
580	2028	3775	1	200	6
582	2028	2440.21885999078	1	18	6
584	2028	6500	1	140	6
585	2028	866	1	14.7	6
608	2028	5248	1	600	6
612	2028	6113	1	24.8	6
613	2028	2676	1	85	6
628	2028	6500	1	469.9	6
631	2028	2198	1	17	6
632	2028	5143	1	24	6
635	2028	5111	1	320	6
636	2028	6500	1	421	6
637	2028	6500	1	89.9	6
638	2028	3026	1	18.8	6
639	2028	0	1	6	6
641	2028	1	1	0	6
644	2028	6500	1	60	6
671	2028	0	1	65	6
676	2028	6500	1	452.8	6
681	2028	3502	1	12	6
682	2028	2689	1	24	6
683	2028	3728	1	410	6
685	2028	723.9726661449	1	18	6
691	2028	6600	1	50	7
704	2028	5800	1	101	7
706	2028	5600	1	1055	7
707	2028	4600	1	412	7
708	2028	4830	1	574	7
718	2028	5900	1	110	7
720	2028	6400	1	360	7
724	2028	5500	1	720	7
729	2028	137.1	1	224	9
737	2028	2072.3	1	75	9
741	2028	3833	1	30	9
744	2028	1340	1	50	9
755	2028	5130	1	48	9
764	2028	5330	1	360	7
771	2028	120	1	27.2	7
772	2028	4500	1	12	7
777	2028		1	0	7
829	2028	6500	1	282	5
832	2028	0	1	120	5
856	2028	5823.89143595825	1	16	2
873	2028	0	1	0	2
875	2028	6000	1	22	4
898	2028	0	1	24	5
945	2028	5580	1	25.218	1
946	2028	4130	1	20	2
953	2028	0	1	5.48	1
956	2028	2610	1	12	2
988	2028	3830	1	20.25	2
989	2028	7000	1	24	5
1041	2028	150	1	82.6	7
1060	2028	0	1	12	4
1061	2028		1	16	4
1062	2028		1	6	4
1063	2028	5800	1	44	1
1068	2028	0	1	21	9
1097	2028	3860	1	76	6
1128	2028	6670	1	24	2
1129	2028	2533.00432830387	1	6	2
1132	2028	8919.27514546966	1	6	2
1144	2028	2000	1	12	2
1155	2028	6000	1	24	5
1156	2028	300	1	72	5
1157	2028	260	1	72	5
1186	2028	0	1	275	2
1188	2028	0	1	20	1
1197	2028	0	1	6	4
1203	2028	4500	1	144.7	5
1209	2028	1740	1	24	6
1211	2028	1908	1	24	6
1214	2028	5002.52019853031	1	4	5
1241	2028	5100	1	43.6	3
1248	2028	269	1	297.44	6
1265	2028	6000	1	7.1	1
1266	2028	7200	1	2	3
1269	2028	8400	1	170	2
1272	2028	0.5	1	16	2
1274	2028	8342	1	144.8	6
1291	2028	6600	1	160	7
1310	2028	4380	1	53	2
1321	2028	1000	1	294	4
1323	2028	1600	1	6	5
1325	2028	8233	1	18	6
1327	2028	0	1	2.1	2
1328	2028	6030	1	22.9	2
1333	2028	6150	1	12	1
1335	2028	5860	1	60	1
1337	2028	3830	1	9.75	4
1341	2028	1116	1	90	2
1350	2028	7400	1	24.2	2
1353	2028	1000	1	2.6	5
1366	2028	6070	1	75	1
1437	2028	3000	1	30	3
1439	2028	7719	1	49	3
1443	2028	3943	1	10	6
1478	2028	4500	1	8.6	1
1505	2028	7300	1	17.92	5
1518	2028	0.05	1	64.8	2
1561	2028	815	1	4	4
1562	2028	4800	1	2.1	4
1565	2028	1900	1	173.557	7
1570	2028	2539	1	36	6
1571	2028	2840	1	28	3
1575	2028	800	1	12	6
1580	2028	420	1	5	3
1587	2028	6500	1	62	9
1588	2028	8630	1	67.259	3
1593	2028	0	1	24	6
1595	2028	2875	1	73	3
1597	2028	7000	1	24.9	5
1610	2028	6000	1	126	7
1758	2028	2009.91560686681	1	106	5
1759	2028	8200	1	607.62	5
1761	2028	1200	1	36.9	5
1762	2028	2300	1	10	5
1763	2028	8000	1	54.672	5
1766	2028	6800	1	24	5
1770	2028	8000	1	315	5
1771	2028	5800	1	131.908	5
1799	2028	2653	1	144	6
1814	2028	3770	1	19.9	5
1817	2028	1440	1	25	9
1820	2028	0	1	110	2
1826	2028	0	1	46.2	7
1831	2028	4630	1	80	7
1832	2028	1305.26674857549	1	18	2
1836	2028	1700	1	7.5	1
1837	2028	3600	1	8.202	4
1841	2028	3069	1	9.5	6
1842	2028	0	1	18	6
1851	2028	4019	1	13.5	6
1854	2028	2966	1	284	6
1865	2028	5300	1	3.5	5
1878	2028	0	1	460	6
1891	2028	935	1	25	6
1938	2028	10000	1	24	5
1950	2028	50	1	17.3	6
1952	2028	4000	1	18.4	5
1986	2028	3251	1	550	7
2053	2028	600	1	5	9
2066	2028	8000	1	106.5	5
2070	2028	0	1	139.46	7
2072	2028	80	1	2.166	3
2073	2028	500	1	12	1
2074	2028	100	1	9	1
2075	2028	2	1	9	1
2077	2028	325	1	15.6	6
2084	2028	7600	1	72	5
2088	2028	8300	1	450	2
3003	2028	2200	1	21	1
3007	2028	7543	1	6	4
3011	2028	7335	1	206.4	6
3014	2028	3720	1	40	2
3015	2028	1000	1	3	5
3032	2028	5000	1	12	5
3034	2028	3500	1	14.4	5
3035	2028	0	1	24.9	1
3036	2028	7500	1	21.2	5
3037	2028	2100	1	34.53	5
3038	2028	2200	1	15	5
3039	2028	8600	1	60	5
3040	2028	4000	1	14.92	5
3041	2028	5895	1	12.45	2
3054	2028	4122.52400745139	1	8	5
3055	2028	60.0000000000001	1	7.5	2
3056	2028	7000	1	16	2
3057	2028	4057.1800702509	1	24	5
3061	2028	7477.03830685856	1	24.9	5
3062	2028	0	1	153	4
3063	2028	5800	1	7.28	4
3064	2028	3550	1	6	6
3065	2028	1	1	86	4
3068	2028	0	1	33	4
3074	2028	400	1	18	4
3075	2028	900	1	20.4	4
3081	2028	0	1	23.4	2
3087	2028	4050	1	24	3
3088	2028	4620	1	13.69	2
3089	2028	4860	1	23.496	3
3090	2028	165	1	131.8	4
3091	2028	105	1	135	4
3092	2028	110	1	129.3	4
3095	2028	503.848010880147	1	10.8	4
3099	2028	2000	1	2.7	1
3100	2028	6290.85868230988	1	200	5
3115	2028	5200	1	6.5	1
3116	2028	300	1	4.62	1
3119	2028	2200	1	33.8	4
3124	2028	7000	1	28.85	5
3132	2028	4600	1	12	3
3133	2028	800	1	7.5	2
3134	2028	3757.09592788999	1	17	2
3135	2028	5350	1	6.2	2
3136	2028	3050	1	6.704	2
3138	2028	7971	1	24	6
3139	2028	8502	1	24	6
3140	2028	6650	1	100	1
3141	2028	4200	1	6	1
3142	2028	1350	1	2.3	1
3143	2028	5340	1	55	1
3144	2028	100	1	2.4	1
3145	2028	3180	1	10.4	1
3148	2028	7800	1	23.902	5
3149	2028	7200	1	8.6	5
3150	2028	500	1	12	5
3151	2028	4000	1	9	5
3153	2028	4700	1	20	5
3154	2028	5200	1	20	5
3155	2028	7370	1	42.99	3
3159	2028	5764.96308415993	1	18	5
3160	2028	6700	1	15	1
3161	2028	2680	1	6	2
3162	2028	4500	1	280	2
3163	2028	363.57726311527	1	8	5
3164	2028	0	1	12	5
3165	2028	8389.6537725	1	16	5
3166	2028	6200	1	14.5	5
3167	2028	0	1	3.09	5
3169	2028	7500	1	92	5
3170	2028	2523	1	14	3
3171	2028	7911	1	18	3
3172	2028	5500	1	55	3
3173	2028	2000	1	20.5	4
3174	2028	3900	1	12.078	4
3175	2028	7230	1	2.12	2
3176	2028	7200	1	3.55	3
3177	2028	5850	1	24.9	5
3178	2028	3545.39265324867	1	6	2
3180	2028	5310	1	52.7	4
3181	2028	4500	1	2	4
3183	2028	4300	1	7.1	4
3184	2028	5035	1	12.504	3
3185	2028	4200	1	24	3
3186	2028	2528	1	162	6
3189	2028	1200	1	15.4	5
3190	2028	6500	1	35.84	5
3191	2028	5000	1	4.3	5
3192	2028	6300	1	16	5
3193	2028	6370	1	2.4	5
3194	2028	6000	1	25.8	5
3195	2028	5700	1	55.9	5
3199	2028	6500	1	300.24	5
3201	2028	7000	1	77.4	5
3202	2028	30	1	10.5	1
3204	2028	3510	1	25.2	4
3205	2028	500	1	4	5
3206	2028	6400	1	4.5	5
3207	2028	5600	1	6	7
3209	2028	1300	1	8.1	4
3211	2028	8050	1	16	5
3212	2028	2500	1	5.2	5
3213	2028	0	1	6.45	5
3214	2028	6900	1	12	1
3219	2028	5291.9792	1	72	7
3221	2028	5500	1	207.108	5
3222	2028	1310	1	33.9	4
3223	2028	2600	1	8	4
3224	2028	5500	1	30	7
3226	2028	7242	1	48.37	4
3227	2028	2200	1	8.2	3
3228	2028	8000	1	16	3
3229	2028	4200	1	8	5
3230	2028	6774	1	1.1	6
3231	2028	3270	1	13.93	5
3232	2028	5500	1	13.26	7
3236	2028	5000	1	489	4
3240	2028	6742	1	3.9	4
3241	2028	6000	1	14.3	5
3581	2028	0	1	198	4
3606	2028	4500	1	8.6	1
7	2029	4400	1	178	1
10	2029	4150	1	305	1
22	2029	4250	1	24	1
25	2029	1400	1	22	1
39	2029	5271.99999999999	1	512.7	1
42	2029	490	1	53.06	1
43	2029	2660	1	23.253	2
55	2029	7234	1	20.5	1
78	2029	6325	1	20	1
79	2029	5061.46666666667	1	78	1
82	2029	2000	1	18	1
84	2029	5150	1	93	1
85	2029	2450	1	24	1
86	2029	4800	1	22.8	1
90	2029		1	8.5	1
94	2029	1900	1	24	1
115	2029	8540	1	345.8	2
116	2029	7337.39721954244	1	189.8	2
117	2029	6440	1	159	2
120	2029	1200	1	3	2
126	2029	3400	1	656.21	2
127	2029	0	1	4.3	3
142	2029	1310	1	43	2
164	2029	8142	1	12	1
204	2029	1070	1	24	2
209	2029	3545	1	24.7	2
212	2029	8442	1	35.518	1
226	2029	2380	1	400	2
234	2029	7682.6111424578	1	24.9	2
239	2029	5190	1	105	2
241	2029	3900	1	101.5	2
242	2029	5957.03337396161	1	24	2
248	2029	6750	1	6.72	5
272	2029	7521	1	332	2
273	2029	0	1	12	2
282	2029	0.05	1	121	4
325	2029	5075	1	20.5	3
355	2029	5100	1	54	3
382	2029	0	1	6	4
386	2029	6000	1	130	4
399	2029	5500	1	225	4
433	2029	6670	1	494.783	3
435	2029	7990	1	149.9	5
436	2029	2115	1	24	5
437	2029	3965	1	108	5
438	2029	2015	1	70.5	5
455	2029	7300	1	24.5	5
456	2029	7400	1	300	5
457	2029	7500	1	208.77	5
458	2029	7700	1	101	5
459	2029	5800	1	229	5
460	2029	4000	1	36	5
461	2029	0	1	6	5
472	2029	6500	1	42	5
483	2029	7300	1	23.6	5
487	2029	5200	1	24	5
497	2029	6500	1	172	5
506	2029	6013.91304347826	1	23	5
511	2029	6200	1	458	5
526	2029	0	1	8.001	5
533	2029	1688.2599362149	1	10	5
551	2029	7300	1	119.57	5
559	2029	6500	1	536.5	6
565	2029	6500	1	1200	6
580	2029	3775	1	200	6
582	2029	2440.21885999078	1	18	6
584	2029	6500	1	140	6
585	2029	866	1	14.7	6
608	2029	5248	1	600	6
612	2029	6113	1	24.8	6
613	2029	2676	1	85	6
628	2029	6500	1	469.9	6
631	2029	2198	1	17	6
632	2029	5143	1	24	6
635	2029	5111	1	320	6
636	2029	6500	1	421	6
637	2029	6500	1	89.9	6
638	2029	3026	1	18.8	6
639	2029	0	1	6	6
641	2029	1	1	0	6
644	2029	6500	1	60	6
671	2029	5200	1	155	6
676	2029	6500	1	452.8	6
681	2029	3502	1	12	6
682	2029	2689	1	24	6
683	2029	3728	1	410	6
685	2029	723.9726661449	1	18	6
729	2029	137.1	1	224	9
737	2029	2072.3	1	75	9
741	2029	3833	1	30	9
744	2029	1340	1	50	9
755	2029	5130	1	48	9
771	2029	120	1	27.2	7
772	2029	4500	1	12	7
777	2029		1	0	7
829	2029	6500	1	282	5
832	2029	0	1	120	5
856	2029	5823.89143595825	1	16	2
873	2029	0	1	0	2
875	2029	6000	1	22	4
898	2029	0	1	24	5
945	2029	5580	1	25.218	1
946	2029	4130	1	20	2
953	2029	0	1	5.48	1
956	2029	2610	1	12	2
988	2029	3830	1	20.25	2
989	2029	7000	1	24	5
1041	2029	150	1	82.6	7
1060	2029	0	1	12	4
1061	2029		1	16	4
1062	2029		1	6	4
1063	2029	5800	1	44	1
1068	2029	0	1	21	9
1094	2029	7100	1	220	3
1097	2029	3860	1	76	6
1128	2029	6670	1	24	2
1129	2029	2533.00432830387	1	6	2
1132	2029	8919.27514546966	1	6	2
1144	2029	2000	1	12	2
1155	2029	6000	1	24	5
1156	2029	300	1	72	5
1157	2029	260	1	72	5
1188	2029	0	1	20	1
1197	2029	0	1	6	4
1203	2029	4500	1	144.7	5
1209	2029	1740	1	24	6
1211	2029	1908	1	24	6
1214	2029	5002.52019853031	1	4	5
1241	2029	5100	1	43.6	3
1248	2029	269	1	297.44	6
1265	2029	6000	1	7.1	1
1266	2029	7200	1	2	3
1269	2029	8400	1	170	2
1272	2029	0.5	1	16	2
1274	2029	8342	1	144.8	6
1310	2029	4380	1	53	2
1321	2029	1000	1	294	4
1323	2029	1600	1	6	5
1325	2029	8233	1	18	6
1327	2029	0	1	2.1	2
1328	2029	6030	1	22.9	2
1333	2029	6150	1	12	1
1335	2029	5860	1	60	1
1337	2029	3830	1	9.75	4
1341	2029	2430	1	90	2
1350	2029	7400	1	24.2	2
1353	2029	1000	1	2.6	5
1366	2029	6070	1	75	1
1434	2029	3250	1	460	6
1437	2029	3000	1	30	3
1439	2029	7719	1	49	3
1443	2029	3943	1	10	6
1478	2029	4500	1	8.6	1
1505	2029	7300	1	17.92	5
1518	2029	0.05	1	64.8	2
1561	2029	815	1	4	4
1562	2029	4800	1	2.1	4
1565	2029	1900	1	173.557	7
1570	2029	2539	1	36	6
1571	2029	2840	1	28	3
1575	2029	800	1	12	6
1580	2029	420	1	5	3
1587	2029	6500	1	62	9
1588	2029	8630	1	67.259	3
1593	2029	0	1	24	6
1595	2029	2875	1	73	3
1597	2029	7000	1	24.9	5
1610	2029	6000	1	126	7
1732	2029	6000	1	690.682	4
1758	2029	2009.91560686681	1	106	5
1759	2029	8200	1	607.62	5
1761	2029	1200	1	36.9	5
1762	2029	2300	1	10	5
1763	2029	8000	1	54.672	5
1766	2029	6800	1	24	5
1770	2029	8000	1	315	5
1771	2029	5800	1	131.908	5
1799	2029	2653	1	144	6
1814	2029	3770	1	19.9	5
1817	2029	1440	1	25	9
1820	2029	0	1	110	2
1826	2029	0	1	46.2	7
1832	2029	1305.26674857549	1	18	2
1836	2029	1700	1	7.5	1
1837	2029	3600	1	8.202	4
1841	2029	3069	1	9.5	6
1842	2029	0	1	18	6
1851	2029	4019	1	13.5	6
1854	2029	2966	1	284	6
1865	2029	5300	1	3.5	5
1878	2029	5417	1	690	6
1891	2029	935	1	25	6
1938	2029	10000	1	24	5
1950	2029	50	1	17.3	6
1952	2029	4000	1	18.4	5
1986	2029	6500	1	550	7
2053	2029	600	1	5	9
2066	2029	8000	1	106.5	5
2070	2029	0	1	139.46	7
2072	2029	80	1	2.166	3
2073	2029	500	1	12	1
2074	2029	100	1	9	1
2075	2029	2	1	9	1
2077	2029	325	1	15.6	6
2084	2029	7600	1	72	5
2088	2029	8300	1	450	2
3003	2029	2200	1	21	1
3007	2029	7543	1	6	4
3011	2029	7335	1	206.4	6
3014	2029	3720	1	40	2
3015	2029	1000	1	3	5
3032	2029	5000	1	12	5
3034	2029	3500	1	14.4	5
3035	2029	0	1	24.9	1
3036	2029	7500	1	21.2	5
3037	2029	2100	1	34.53	5
3038	2029	2200	1	15	5
3039	2029	8600	1	60	5
3040	2029	4000	1	14.92	5
3041	2029	5895	1	12.45	2
3054	2029	4122.52400745139	1	8	5
3055	2029	60.0000000000001	1	7.5	2
3056	2029	7000	1	16	2
3057	2029	4057.1800702509	1	24	5
3061	2029	7477.03830685856	1	24.9	5
3062	2029	0	1	153	4
3063	2029	5800	1	7.28	4
3064	2029	3550	1	6	6
3065	2029	1	1	86	4
3068	2029	0	1	33	4
3074	2029	400	1	18	4
3075	2029	900	1	20.4	4
3081	2029	0	1	23.4	2
3087	2029	4050	1	24	3
3088	2029	4620	1	13.69	2
3089	2029	4860	1	23.496	3
3090	2029	165	1	131.8	4
3091	2029	105	1	135	4
3092	2029	110	1	129.3	4
3095	2029	503.848010880147	1	10.8	4
3099	2029	2000	1	2.7	1
3100	2029	6290.85868230988	1	200	5
3115	2029	5200	1	6.5	1
3116	2029	300	1	4.62	1
3119	2029	2200	1	33.8	4
3124	2029	7000	1	28.85	5
3132	2029	4600	1	12	3
3133	2029	800	1	7.5	2
3134	2029	3757.09592788999	1	17	2
3135	2029	5350	1	6.2	2
3136	2029	3050	1	6.704	2
3138	2029	7971	1	24	6
3139	2029	8502	1	24	6
3140	2029	6650	1	100	1
3141	2029	4200	1	6	1
3142	2029	1350	1	2.3	1
3143	2029	5340	1	55	1
3144	2029	100	1	2.4	1
3145	2029	3180	1	10.4	1
3148	2029	7800	1	23.902	5
3149	2029	7200	1	8.6	5
3150	2029	500	1	12	5
3151	2029	4000	1	9	5
3153	2029	4700	1	20	5
3154	2029	5200	1	20	5
3155	2029	7370	1	42.99	3
3159	2029	5764.96308415993	1	18	5
3160	2029	6700	1	15	1
3161	2029	2680	1	6	2
3162	2029	4500	1	280	2
3163	2029	363.57726311527	1	8	5
3164	2029	0	1	12	5
3165	2029	8389.6537725	1	16	5
3166	2029	6200	1	14.5	5
3167	2029	0	1	3.09	5
3169	2029	7500	1	92	5
3170	2029	2523	1	14	3
3171	2029	7911	1	18	3
3172	2029	5500	1	55	3
3173	2029	2000	1	20.5	4
3174	2029	3900	1	12.078	4
3175	2029	7230	1	2.12	2
3176	2029	7200	1	3.55	3
3177	2029	5850	1	24.9	5
3178	2029	3545.39265324867	1	6	2
3180	2029	5310	1	52.7	4
3181	2029	4500	1	2	4
3183	2029	4300	1	7.1	4
3184	2029	5035	1	12.504	3
3185	2029	4200	1	24	3
3186	2029	2528	1	162	6
3189	2029	1200	1	15.4	5
3190	2029	6500	1	35.84	5
3191	2029	5000	1	4.3	5
3192	2029	6300	1	16	5
3193	2029	6370	1	2.4	5
3194	2029	6000	1	25.8	5
3195	2029	5700	1	55.9	5
3199	2029	6500	1	300.24	5
3201	2029	7000	1	77.4	5
3202	2029	30	1	10.5	1
3204	2029	3510	1	25.2	4
3205	2029	500	1	4	5
3206	2029	6500	1	4.5	5
3207	2029	5600	1	6	7
3209	2029	1300	1	8.1	4
3211	2029	8050	1	16	5
3212	2029	2500	1	5.2	5
3213	2029	0	1	6.45	5
3214	2029	6900	1	12	1
3219	2029	5291.9792	1	72	7
3221	2029	5500	1	207.108	5
3222	2029	1310	1	33.9	4
3223	2029	2600	1	8	4
3224	2029	5500	1	30	7
3226	2029	7242	1	48.37	4
3227	2029	2200	1	8.2	3
3228	2029	8000	1	16	3
3229	2029	4200	1	8	5
3230	2029	6774	1	1.1	6
3231	2029	3270	1	13.93	5
3232	2029	5500	1	13.26	7
3240	2029	6742	1	3.9	4
3241	2029	6000	1	14.3	5
3581	2029	0	1	198	4
3606	2029	4500	1	8.6	1
7	2030	4400	1	178	1
10	2030	4150	1	305	1
22	2030	4250	1	24	1
25	2030	1400	1	22	1
39	2030	5271.99999999999	1	512.7	1
42	2030	490	1	53.06	1
43	2030	2660	1	23.253	2
55	2030	7234	1	20.5	1
78	2030	6325	1	20	1
79	2030	5061.46666666667	1	78	1
82	2030	2000	1	18	1
84	2030	5150	1	93	1
85	2030	2450	1	24	1
86	2030	4800	1	22.8	1
90	2030		1	8.5	1
94	2030	1900	1	24	1
115	2030	8540	1	345.8	2
116	2030	7337.39721954244	1	189.8	2
117	2030	6440	1	159	2
120	2030	1200	1	3	2
126	2030	3400	1	656.21	2
127	2030	0	1	4.3	3
142	2030	1310	1	43	2
154	2030	4428.6	1	1376.4	2
164	2030	8142	1	12	1
204	2030	1070	1	24	2
209	2030	3545	1	24.7	2
212	2030	8442	1	35.518	1
226	2030	2380	1	400	2
234	2030	7682.6111424578	1	24.9	2
239	2030	5190	1	105	2
241	2030	3900	1	101.5	2
242	2030	5957.03337396161	1	24	2
248	2030	6750	1	6.72	5
272	2030	7521	1	332	2
273	2030	0	1	12	2
282	2030	0.05	1	121	4
325	2030	5075	1	20.5	3
355	2030	5100	1	54	3
382	2030	0	1	6	4
386	2030	6000	1	130	4
433	2030	6670	1	494.783	3
435	2030	7990	1	149.9	5
436	2030	2115	1	24	5
437	2030	3965	1	108	5
438	2030	2015	1	70.5	5
455	2030	7300	1	24.5	5
456	2030	7400	1	300	5
457	2030	7500	1	208.77	5
458	2030	7700	1	101	5
459	2030	5800	1	229	5
460	2030	4000	1	36	5
461	2030	0	1	6	5
472	2030	6500	1	42	5
483	2030	7300	1	23.6	5
487	2030	5200	1	24	5
497	2030	6500	1	172	5
506	2030	6013.91304347826	1	23	5
511	2030	6200	1	458	5
526	2030	0	1	8.001	5
533	2030	1688.2599362149	1	10	5
551	2030	7300	1	119.57	5
559	2030	6500	1	536.5	6
565	2030	6500	1	1200	6
580	2030	3775	1	200	6
582	2030	2440.21885999078	1	18	6
584	2030	6500	1	140	6
585	2030	866	1	14.7	6
608	2030	5248	1	600	6
612	2030	6113	1	24.8	6
613	2030	2676	1	85	6
628	2030	6500	1	469.9	6
631	2030	2198	1	17	6
632	2030	5143	1	24	6
635	2030	5111	1	320	6
636	2030	6500	1	421	6
637	2030	6500	1	89.9	6
638	2030	3026	1	18.8	6
639	2030	0	1	6	6
641	2030	1	1	0	6
644	2030	6500	1	60	6
671	2030	6500	1	155	6
676	2030	6500	1	452.8	6
681	2030	3502	1	12	6
682	2030	2689	1	24	6
683	2030	3728	1	410	6
685	2030	723.9726661449	1	18	6
729	2030	137.1	1	224	9
737	2030	2072.3	1	75	9
741	2030	3833	1	30	9
744	2030	1340	1	50	9
755	2030	5130	1	48	9
771	2030	120	1	27.2	7
772	2030	4500	1	12	7
777	2030		1	0	7
829	2030	6500	1	282	5
832	2030	0	1	120	5
856	2030	5823.89143595825	1	16	2
873	2030	0	1	0	2
875	2030	6000	1	22	4
898	2030	0	1	24	5
945	2030	5580	1	25.218	1
946	2030	4130	1	20	2
953	2030	0	1	5.48	1
956	2030	2610	1	12	2
988	2030	3830	1	20.25	2
989	2030	7000	1	24	5
1041	2030	150	1	82.6	7
1060	2030	0	1	12	4
1061	2030		1	16	4
1062	2030		1	6	4
1063	2030	5800	1	44	1
1068	2030	0	1	21	9
1094	2030	7300	1	220	3
1097	2030	3860	1	76	6
1128	2030	6670	1	24	2
1129	2030	2533.00432830387	1	6	2
1132	2030	8919.27514546966	1	6	2
1144	2030	2000	1	12	2
1155	2030	6000	1	24	5
1156	2030	300	1	72	5
1157	2030	260	1	72	5
1188	2030	0	1	20	1
1197	2030	0	1	6	4
1203	2030	4500	1	144.7	5
1209	2030	1740	1	24	6
1211	2030	1908	1	24	6
1214	2030	5002.52019853031	1	4	5
1241	2030	5100	1	43.6	3
1248	2030	269	1	297.44	6
1265	2030	6000	1	7.1	1
1266	2030	7200	1	2	3
1269	2030	8400	1	170	2
1272	2030	0.5	1	16	2
1274	2030	8342	1	144.8	6
1298	2030	7100	1	405.6	3
1310	2030	4380	1	53	2
1321	2030	1000	1	294	4
1323	2030	1600	1	6	5
1325	2030	8233	1	18	6
1327	2030	0	1	2.1	2
1328	2030	6030	1	22.9	2
1333	2030	6150	1	12	1
1335	2030	5860	1	60	1
1337	2030	3830	1	9.75	4
1341	2030	2440	1	90	2
1350	2030	7400	1	24.2	2
1353	2030	1000	1	2.6	5
1366	2030	6070	1	75	1
1434	2030	6500	1	460	6
1437	2030	3000	1	30	3
1439	2030	7719	1	49	3
1443	2030	3943	1	10	6
1478	2030	4500	1	8.6	1
1505	2030	7300	1	17.92	5
1518	2030	0.05	1	64.8	2
1561	2030	815	1	4	4
1562	2030	4800	1	2.1	4
1565	2030	1900	1	173.557	7
1570	2030	2539	1	36	6
1571	2030	2840	1	28	3
1575	2030	800	1	12	6
1580	2030	420	1	5	3
1587	2030	6500	1	62	9
1588	2030	8630	1	67.259	3
1593	2030	0	1	24	6
1595	2030	2875	1	73	3
1597	2030	7000	1	24.9	5
1610	2030	6000	1	126	7
1732	2030	5500	1	1010.682	4
1758	2030	2009.91560686681	1	106	5
1759	2030	8200	1	607.62	5
1761	2030	1200	1	36.9	5
1762	2030	2300	1	10	5
1763	2030	8000	1	54.672	5
1766	2030	6800	1	24	5
1770	2030	8000	1	315	5
1771	2030	5800	1	131.908	5
1783	2030	6175	1	1050	6
1799	2030	2653	1	144	6
1814	2030	3770	1	19.9	5
1817	2030	1440	1	25	9
1820	2030	0	1	110	2
1826	2030	0	1	46.2	7
1832	2030	1305.26674857549	1	18	2
1836	2030	1700	1	7.5	1
1837	2030	3600	1	8.202	4
1841	2030	3069	1	9.5	6
1842	2030	0	1	18	6
1851	2030	4019	1	13.5	6
1854	2030	2966	1	284	6
1865	2030	5300	1	3.5	5
1878	2030	6500	1	690	6
1891	2030	935	1	25	6
1938	2030	10000	1	24	5
1950	2030	50	1	17.3	6
1952	2030	4000	1	18.4	5
1986	2030	6500	1	550	7
2053	2030	600	1	5	9
2066	2030	8000	1	106.5	5
2070	2030	0	1	139.46	7
2072	2030	80	1	2.166	3
2073	2030	500	1	12	1
2074	2030	100	1	9	1
2075	2030	2	1	9	1
2077	2030	325	1	15.6	6
2084	2030	7600	1	72	5
2088	2030	8300	1	450	2
3003	2030	2200	1	21	1
3007	2030	7543	1	6	4
3011	2030	7335	1	206.4	6
3014	2030	3720	1	40	2
3015	2030	1000	1	3	5
3032	2030	5000	1	12	5
3034	2030	3500	1	14.4	5
3035	2030	0	1	24.9	1
3036	2030	7500	1	21.2	5
3037	2030	2100	1	34.53	5
3038	2030	2200	1	15	5
3039	2030	8600	1	60	5
3040	2030	4000	1	14.92	5
3041	2030	5895	1	12.45	2
3054	2030	4122.52400745139	1	8	5
3055	2030	60.0000000000001	1	7.5	2
3056	2030	7000	1	16	2
3057	2030	4057.1800702509	1	24	5
3061	2030	7477.03830685856	1	24.9	5
3062	2030	0	1	153	4
3063	2030	5800	1	7.28	4
3064	2030	3550	1	6	6
3065	2030	1	1	86	4
3068	2030	0	1	33	4
3074	2030	400	1	18	4
3075	2030	900	1	20.4	4
3081	2030	0	1	23.4	2
3087	2030	4050	1	24	3
3088	2030	4620	1	13.69	2
3089	2030	4860	1	23.496	3
3090	2030	165	1	131.8	4
3091	2030	105	1	135	4
3092	2030	110	1	129.3	4
3095	2030	503.848010880147	1	10.8	4
3096	2030	5000	1	470	4
3099	2030	2000	1	2.7	1
3100	2030	6290.85868230988	1	200	5
3115	2030	5200	1	6.5	1
3116	2030	300	1	4.62	1
3119	2030	2200	1	33.8	4
3124	2030	7000	1	28.85	5
3132	2030	4600	1	12	3
3133	2030	800	1	7.5	2
3134	2030	3757.09592788999	1	17	2
3135	2030	5350	1	6.2	2
3136	2030	3050	1	6.704	2
3138	2030	7971	1	24	6
3139	2030	8502	1	24	6
3140	2030	6650	1	100	1
3141	2030	4200	1	6	1
3142	2030	1350	1	2.3	1
3143	2030	5340	1	55	1
3144	2030	100	1	2.4	1
3145	2030	3180	1	10.4	1
3148	2030	7800	1	23.902	5
3149	2030	7200	1	8.6	5
3150	2030	500	1	12	5
3151	2030	4000	1	9	5
3153	2030	4700	1	20	5
3154	2030	5200	1	20	5
3155	2030	7370	1	42.99	3
3159	2030	5764.96308415993	1	18	5
3160	2030	6700	1	15	1
3161	2030	2680	1	6	2
3162	2030	4500	1	280	2
3163	2030	363.57726311527	1	8	5
3164	2030	0	1	12	5
3165	2030	8389.6537725	1	16	5
3166	2030	6200	1	14.5	5
3167	2030	0	1	3.09	5
3169	2030	7500	1	92	5
3170	2030	2523	1	14	3
3171	2030	7911	1	18	3
3172	2030	5500	1	55	3
3173	2030	2000	1	20.5	4
3174	2030	3900	1	12.078	4
3175	2030	7230	1	2.12	2
3176	2030	7200	1	3.55	3
3177	2030	5850	1	24.9	5
3178	2030	3545.39265324867	1	6	2
3180	2030	5310	1	52.7	4
3181	2030	4500	1	2	4
3183	2030	4300	1	7.1	4
3184	2030	5035	1	12.504	3
3185	2030	4200	1	24	3
3186	2030	2528	1	162	6
3189	2030	1200	1	15.4	5
3190	2030	6500	1	35.84	5
3191	2030	5000	1	4.3	5
3192	2030	6300	1	16	5
3193	2030	6370	1	2.4	5
3194	2030	6000	1	25.8	5
3195	2030	5700	1	55.9	5
3199	2030	6500	1	300.24	5
3201	2030	7000	1	77.4	5
3202	2030	30	1	10.5	1
3204	2030	3510	1	25.2	4
3205	2030	500	1	4	5
3206	2030	6500	1	4.5	5
3207	2030	5600	1	6	7
3209	2030	1300	1	8.1	4
3211	2030	8050	1	16	5
3212	2030	2500	1	5.2	5
3213	2030	0	1	6.45	5
3214	2030	6900	1	12	1
3219	2030	5291.97916666667	1	72	7
3221	2030	5500	1	207.108	5
3222	2030	1310	1	33.9	4
3223	2030	2600	1	8	4
3224	2030	5500	1	30	7
3226	2030	7242	1	48.37	4
3227	2030	2200	1	8.2	3
3228	2030	8000	1	16	3
3229	2030	4200	1	8	5
3230	2030	6774	1	1.1	6
3231	2030	3270	1	13.93	5
3232	2030	5500	1	13.26	7
3240	2030	6742	1	3.9	4
3241	2030	6000	1	14.3	5
3581	2030	0	1	198	4
3582	2030	5000	1	160	4
3606	2030	4500	1	8.6	1
7	2031	4400	1	178	1
10	2031	4150	1	305	1
22	2031	4250	1	24	1
25	2031	1400	1	22	1
39	2031	5271.99999999999	1	512.7	1
42	2031	490	1	53.06	1
43	2031	2737.19520061928	1	23.253	2
55	2031	7234	1	20.5	1
78	2031	6325	1	20	1
79	2031	5061.46666666667	1	78	1
82	2031	2000	1	18	1
84	2031	5150	1	93	1
85	2031	2450	1	24	1
86	2031	4800	1	22.8	1
90	2031		1	8.5	1
94	2031	1900	1	24	1
115	2031	8540	1	345.8	2
116	2031	7337.39721954244	1	189.8	2
117	2031	6440	1	159	2
120	2031	1200	1	3	2
126	2031	3400	1	656.21	2
127	2031	0	1	4.3	3
142	2031	1310	1	43	2
164	2031	8142	1	12	1
204	2031	1070	1	24	2
209	2031	3545	1	24.7	2
212	2031	8442	1	35.518	1
226	2031	2380	1	400	2
234	2031	7682.6111424578	1	24.9	2
239	2031	5190	1	105	2
241	2031	3900	1	101.5	2
242	2031	5957.03337396161	1	24	2
248	2031	6750	1	6.72	5
272	2031	7521	1	332	2
273	2031	0	1	12	2
282	2031	0.05	1	121	4
325	2031	5075	1	20.5	3
355	2031	5100	1	54	3
382	2031	0	1	6	4
433	2031	6670	1	494.783	3
435	2031	7990	1	149.9	5
436	2031	2115	1	24	5
437	2031	3965	1	108	5
438	2031	2015	1	70.5	5
455	2031	7300	1	24.5	5
456	2031	7400	1	300	5
457	2031	7500	1	208.77	5
458	2031	7700	1	101	5
459	2031	5800	1	229	5
460	2031	4000	1	36	5
461	2031	0	1	6	5
472	2031	6500	1	42	5
483	2031	7300	1	23.6	5
487	2031	5200	1	24	5
497	2031	6500	1	172	5
506	2031	6013.91304347826	1	23	5
511	2031	6200	1	458	5
526	2031	0	1	8.001	5
533	2031	1688.2599362149	1	10	5
551	2031	7300	1	119.57	5
559	2031	6500	1	536.5	6
565	2031	6500	1	1200	6
580	2031	3775	1	200	6
582	2031	2440.21885999078	1	18	6
584	2031	6500	1	140	6
585	2031	866	1	14.7	6
608	2031	5248	1	600	6
612	2031	6113	1	24.8	6
613	2031	2676	1	85	6
628	2031	6500	1	469.9	6
631	2031	2198	1	17	6
632	2031	5143	1	24	6
635	2031	5111	1	320	6
636	2031	6500	1	421	6
637	2031	6500	1	89.9	6
638	2031	3026	1	18.8	6
639	2031	0	1	6	6
641	2031	1	1	0	6
644	2031	6500	1	60	6
671	2031	6500	1	155	6
676	2031	6500	1	452.8	6
681	2031	3502	1	12	6
682	2031	2689	1	24	6
683	2031	3728	1	410	6
685	2031	723.9726661449	1	18	6
729	2031	137.1	1	224	9
737	2031	2072.3	1	75	9
741	2031	3833	1	30	9
744	2031	1340	1	50	9
755	2031	5130	1	48	9
771	2031	120	1	27.2	7
772	2031	4500	1	12	7
777	2031		1	0	7
829	2031	6500	1	282	5
832	2031	0	1	120	5
856	2031	5823.89143595825	1	16	2
873	2031	0	1	0	2
875	2031	6000	1	22	4
898	2031	0	1	24	5
945	2031	5580	1	25.218	1
946	2031	4130	1	20	2
953	2031	0	1	5.48	1
956	2031	2610	1	12	2
988	2031	3830	1	20.25	2
989	2031	7000	1	24	5
1041	2031	150	1	82.6	7
1060	2031	0	1	12	4
1061	2031		1	16	4
1062	2031		1	6	4
1063	2031	5800	1	44	1
1068	2031	0	1	21	9
1094	2031	7400	1	220	3
1097	2031	3860	1	76	6
1128	2031	6670	1	24	2
1129	2031	2533.00432830387	1	6	2
1132	2031	8919.27514546966	1	6	2
1144	2031	2000	1	12	2
1155	2031	6000	1	24	5
1156	2031	300	1	72	5
1157	2031	260	1	72	5
1188	2031	0	1	20	1
1197	2031	0	1	6	4
1203	2031	4500	1	144.7	5
1209	2031	1740	1	24	6
1211	2031	1908	1	24	6
1214	2031	5002.52019853031	1	4	5
1241	2031	5100	1	43.6	3
1248	2031	269	1	297.44	6
1265	2031	6000	1	7.1	1
1266	2031	7200	1	2	3
1269	2031	8400	1	170	2
1272	2031	0.5	1	16	2
1274	2031	8342	1	144.8	6
1298	2031	7200	1	405.6	3
1310	2031	4380	1	53	2
1321	2031	1000	1	294	4
1323	2031	1600	1	6	5
1325	2031	8233	1	18	6
1327	2031	0	1	2.1	2
1328	2031	6030	1	22.9	2
1333	2031	6150	1	12	1
1335	2031	5860	1	60	1
1337	2031	3830	1	9.75	4
1341	2031	2440	1	90	2
1350	2031	7400	1	24.2	2
1353	2031	1000	1	2.6	5
1366	2031	6070	1	75	1
1434	2031	6500	1	460	6
1437	2031	3000	1	30	3
1439	2031	7719	1	49	3
1443	2031	3943	1	10	6
1478	2031	4500	1	8.6	1
1505	2031	7300	1	17.92	5
1518	2031	0.05	1	64.8	2
1561	2031	815	1	4	4
1562	2031	4800	1	2.1	4
1565	2031	1900	1	173.557	7
1570	2031	2539	1	36	6
1571	2031	2840	1	28	3
1575	2031	800	1	12	6
1580	2031	420	1	5	3
1587	2031	6500	1	62	9
1588	2031	8630	1	67.259	3
1593	2031	0	1	24	6
1595	2031	2875	1	73	3
1597	2031	7000	1	24.9	5
1610	2031	6000	1	126	7
1758	2031	2009.91560686681	1	106	5
1759	2031	8200	1	607.62	5
1761	2031	1200	1	36.9	5
1762	2031	2300	1	10	5
1763	2031	8000	1	54.672	5
1766	2031	6800	1	24	5
1770	2031	8000	1	315	5
1771	2031	5800	1	131.908	5
1783	2031	6175	1	1050	6
1799	2031	2653	1	144	6
1814	2031	3770	1	19.9	5
1817	2031	1440	1	25	9
1820	2031	0	1	110	2
1826	2031	0	1	46.2	7
1832	2031	1305.26674857549	1	18	2
1836	2031	1700	1	7.5	1
1837	2031	3600	1	8.202	4
1841	2031	3069	1	9.5	6
1842	2031	0	1	18	6
1851	2031	4019	1	13.5	6
1854	2031	2966	1	284	6
1865	2031	5300	1	3.5	5
1878	2031	6500	1	690	6
1891	2031	935	1	25	6
1938	2031	10000	1	24	5
1950	2031	50	1	17.3	6
1952	2031	4000	1	18.4	5
1986	2031	6500	1	550	7
2053	2031	600	1	5	9
2066	2031	8000	1	106.5	5
2070	2031	0	1	139.46	7
2072	2031	80	1	2.166	3
2073	2031	500	1	12	1
2074	2031	100	1	9	1
2075	2031	2	1	9	1
2077	2031	325	1	15.6	6
2084	2031	7600	1	72	5
2088	2031	8300	1	450	2
3003	2031	2200	1	21	1
3007	2031	7543	1	6	4
3011	2031	7335	1	206.4	6
3014	2031	3720	1	40	2
3015	2031	1000	1	3	5
3032	2031	5000	1	12	5
3034	2031	3500	1	14.4	5
3035	2031	0	1	24.9	1
3036	2031	7500	1	21.2	5
3037	2031	2100	1	34.53	5
3038	2031	2200	1	15	5
3039	2031	8600	1	60	5
3040	2031	4000	1	14.92	5
3041	2031	5895	1	12.45	2
3054	2031	4122.52400745139	1	8	5
3055	2031	60.0000000000001	1	7.5	2
3056	2031	7000	1	16	2
3057	2031	4057.1800702509	1	24	5
3061	2031	7477.03830685856	1	24.9	5
3062	2031	0	1	153	4
3063	2031	5800	1	7.28	4
3064	2031	3550	1	6	6
3065	2031	1	1	86	4
3068	2031	0	1	33	4
3074	2031	400	1	18	4
3075	2031	900	1	20.4	4
3081	2031	0	1	23.4	2
3087	2031	4050	1	24	3
3088	2031	4620	1	13.69	2
3089	2031	4860	1	23.496	3
3090	2031	165	1	131.8	4
3091	2031	105	1	135	4
3092	2031	110	1	129.3	4
3095	2031	503.848010880147	1	10.8	4
3099	2031	2000	1	2.7	1
3100	2031	6290.85868230988	1	200	5
3115	2031	5200	1	6.5	1
3116	2031	300	1	4.62	1
3119	2031	2200	1	33.8	4
3124	2031	7000	1	28.85	5
3132	2031	4600	1	12	3
3133	2031	800	1	7.5	2
3134	2031	3757.09592788999	1	17	2
3135	2031	5350	1	6.2	2
3136	2031	3050	1	6.704	2
3138	2031	7971	1	24	6
3139	2031	8502	1	24	6
3140	2031	6650	1	100	1
3141	2031	4200	1	6	1
3142	2031	1350	1	2.3	1
3143	2031	5340	1	55	1
3144	2031	100	1	2.4	1
3145	2031	3180	1	10.4	1
3148	2031	7800	1	23.902	5
3149	2031	7200	1	8.6	5
3150	2031	500	1	12	5
3151	2031	4000	1	9	5
3153	2031	4700	1	20	5
3154	2031	5200	1	20	5
3155	2031	7370	1	42.99	3
3159	2031	5764.96308415993	1	18	5
3160	2031	6700	1	15	1
3161	2031	2680	1	6	2
3162	2031	4500	1	280	2
3163	2031	363.57726311527	1	8	5
3164	2031	0	1	12	5
3165	2031	8389.6537725	1	16	5
3166	2031	6200	1	14.5	5
3167	2031	0	1	3.09	5
3169	2031	7500	1	92	5
3170	2031	2523	1	14	3
3171	2031	7911	1	18	3
3172	2031	5500	1	55	3
3173	2031	2000	1	20.5	4
3174	2031	3900	1	12.078	4
3175	2031	7230	1	2.12	2
3176	2031	7200	1	3.55	3
3177	2031	5850	1	24.9	5
3178	2031	3545.39265324867	1	6	2
3180	2031	5310	1	52.7	4
3181	2031	4500	1	2	4
3183	2031	4300	1	7.1	4
3184	2031	5035	1	12.504	3
3185	2031	4200	1	24	3
3186	2031	2528	1	162	6
3189	2031	1200	1	15.4	5
3190	2031	6500	1	35.84	5
3191	2031	5000	1	4.3	5
3192	2031	6300	1	16	5
3193	2031	6370	1	2.4	5
3194	2031	6000	1	25.8	5
3195	2031	5700	1	55.9	5
3199	2031	6500	1	300.24	5
3201	2031	7000	1	77.4	5
3202	2031	30	1	10.5	1
3204	2031	3510	1	25.2	4
3205	2031	500	1	4	5
3206	2031	6500	1	4.5	5
3207	2031	5600	1	6	7
3209	2031	1300	1	8.1	4
3211	2031	8050	1	16	5
3212	2031	2500	1	5.2	5
3213	2031	0	1	6.45	5
3214	2031	6900	1	12	1
3219	2031	5291.9792	1	72	7
3221	2031	5500	1	207.108	5
3222	2031	1310	1	33.9	4
3223	2031	2600	1	8	4
3224	2031	5500	1	30	7
3226	2031	7242	1	48.37	4
3227	2031	2200	1	8.2	3
3228	2031	8000	1	16	3
3229	2031	4200	1	8	5
3230	2031	6774	1	1.1	6
3231	2031	3270	1	13.93	5
3232	2031	5500	1	13.26	7
3240	2031	6742	1	3.9	4
3241	2031	6000	1	14.3	5
3580	2031	5000	1	480	4
3581	2031	0	1	198	4
3606	2031	4500	1	8.6	1
