name	year	filter	e	kplus	kmin	k	bkl	wname	uname	toplname	dopname	byear	kn	knps	kngt	knpg	hnps	hngt	hnpg	numb	WT_RECID	doptim	lim
ТЭС Волгаэнерго	2031	(oes=3) and (ved>0)	68451			0.952236938476563	410	Станции(Схема)	Удельные(Схема)	Формулы_топлива(Схема)	Доп_угли(Схема)	2024	1.32134719865428	1.15317573700737	1.32134719865428	1.39342068221724	4800	5500	5800	234		0.26	0
ТЭС Волгаэнерго	2026	(oes=3) and (ved>0)	64547	0	0	0.972433471304687	410	Станции(Схема)	Удельные(Схема)	Формулы_топлива(Схема)	Доп_угли(Схема)	2024	1.40083198080167	1.22254427415419	1.40083198080167	1.55365001507094	4800	5500	6100	229		0.11	0
ТЭС Волгаэнерго	2027	(oes=3) and (ved>0)	65558	0	0	0.961267090585937	410	Станции(Схема)	Удельные(Схема)	Формулы_топлива(Схема)	Доп_угли(Схема)	2024	1.37965312940239	1.20406091293299	1.37965312940239	1.53016074351901	4800	5500	6100	230		0.14	0
ТЭС Волгаэнерго	2028	(oes=3) and (ved>0)	65989			0.960369873046874	410	Станции(Схема)	Удельные(Схема)	Формулы_топлива(Схема)	Доп_угли(Схема)	2024	1.37062958163926	1.19618581670335	1.37062958163926	1.54507334657516	4800	5500	6200	231		0.17	0
ТЭС Волгаэнерго	2029	(oes=3) and (ved>0)	67629			0.956414794921876	410	Станции(Схема)	Удельные(Схема)	Формулы_топлива(Схема)	Доп_угли(Схема)	2024	1.33740553314543	1.16719028347237	1.33740553314543	1.5562537112965	4800	5500	6400	232		0.2	0
ТЭС Волгаэнерго	2030	(oes=3) and (ved>0)	67851			0.954467773695312	410	Станции(Схема)	Удельные(Схема)	Формулы_топлива(Схема)	Доп_угли(Схема)	2024	1.35724679247599	1.16335439355085	1.35724679247599	1.57537574126678	4800	5600	6500	233		0.23	0
ТЭС Южэнерго	2031	(oes=4) and (ved>0)	75438			0.912600708007815	365	Станции(Схема)	Удельные(Схема)	Формулы_топлива(Схема)	Доп_угли(Схема)	2024	1.42786628068436	1.01208757702574	1.10009519241928	1.45212565399345	4600	5000	6600	334		0.26	1
ТЭС Южэнерго	2026	(oes=4) and (ved>0)	64578	0	0	0.90041809082031	365	Станции(Схема)	Удельные(Схема)	Формулы_топлива(Схема)	Доп_угли(Схема)	2024	1.27008444873444	1.03494432884272	1.23743343665977	1.55241649326408	4600	5500	6900	329		0.11	1
ТЭС Южэнерго	2027	(oes=4) and (ved>0)	67660	0	0	0.881579589828122	365	Станции(Схема)	Удельные(Схема)	Формулы_топлива(Схема)	Доп_угли(Схема)	2024	1.20539360512443	1.07624429028967	1.20539360512443	1.48521712059975	5000	5600	6900	330		0.14	0
ТЭС Южэнерго	2028	(oes=4) and (ved>0)	68054			0.916067504882819	365	Станции(Схема)	Удельные(Схема)	Формулы_топлива(Схема)	Доп_угли(Схема)	2024	1.43978824019546	1.25348959585177	1.25348959585177	1.49122038127194	5800	5800	6900	331		0.17	1
ТЭС Южэнерго	2029	(oes=4) and (ved>0)	71290			0.890734863281245	365	Станции(Схема)	Удельные(Схема)	Формулы_топлива(Схема)	Доп_угли(Схема)	2024	1.41972122246985	1.17019491780042	1.2765762739641	1.44678644382598	5500	6000	6800	332		0.2	1
ТЭС Севзапэнерго	2031	(oes=1) and (ved>0)	64470			1.01688232421875	415	Станции(Схема)	Удельные(Схема)	Формулы_топлива(Схема)	Доп_угли(Схема)	2024	1.14688845983826	1.14688845983826	1.09808469558983	1.09808469558983	4700	4500	4500	34		0.24	1
ТЭС Севзапэнерго	2026	(oes=1) and (ved>0)	61030	0	0	1.02984313952344	415	Станции(Схема)	Удельные(Схема)	Формулы_топлива(Схема)	Доп_угли(Схема)	2024	1.08469790940753	1.08469790940753	1.03304562800717	1.16217633150806	4200	4000	4500	29		0.11	1
ТЭС Севзапэнерго	2027	(oes=1) and (ved>0)	61564	0	0	1.0274169921875	415	Станции(Схема)	Удельные(Схема)	Формулы_топлива(Схема)	Доп_угли(Схема)	2024	1.14991851407711	1.14991851407711	1.0732572798053	1.27768723786345	4500	4200	5000	30		0.14	1
ТЭС Севзапэнерго	2028	(oes=1) and (ved>0)	61880			1.02597045898438	415	Станции(Схема)	Удельные(Схема)	Формулы_топлива(Схема)	Доп_угли(Схема)	2024	1.19488627497235	1.19488627497235	1.01692448933817	1.14404005050544	4700	4000	4500	31		0.17	1
ТЭС Севзапэнерго	2029	(oes=1) and (ved>0)	62425			1.02389831542969	415	Станции(Схема)	Удельные(Схема)	Формулы_топлива(Схема)	Доп_угли(Схема)	2024	1.18446045364314	1.18446045364314	1.13405788114769	1.13405788114769	4700	4500	4500	32		0.2	1
ТЭС Севзапэнерго	2030	(oes=1) and (ved>0)	63824			1.01925048828125	415	Станции(Схема)	Удельные(Схема)	Формулы_топлива(Схема)	Доп_угли(Схема)	2024	1.15848965389418	1.15848965389418	1.10919222181358	1.10919222181358	4700	4500	4500	33		0.23	1
ТЭС Уралэнерго	2031	(oes=5) and (ved>0)	285980			0.907058715820313	370	Станции(Схема)	Удельные(Схема)	Формулы_топлива(Схема)	Доп_угли(Схема)	2024	1.12385845513672	1.12385845513672	1.14114858521575	1.12385845513672	6500	6600	6500	434		0.26	0
ТЭС Уралэнерго	2026	(oes=5) and (ved>0)	262271	0	0	0.956146240640624	370	Станции(Схема)	Удельные(Схема)	Формулы_топлива(Схема)	Доп_угли(Схема)	2024	1.14185175916196	1.14185175916196	1.17991348446736	1.23700607242545	6000	6200	6500	429		0.11	0
ТЭС Уралэнерго	2027	(oes=5) and (ved>0)	270071	0	0	0.925988769531251	370	Станции(Схема)	Удельные(Схема)	Формулы_топлива(Схема)	Доп_угли(Схема)	2024	1.09580993146247	1.09580993146247	1.15060042803559	1.20539092460871	6000	6300	6600	430		0.14	0
ТЭС Уралэнерго	2028	(oes=5) and (ved>0)	278305.021126449			0.91319580078125	370	Станции(Схема)	Удельные(Схема)	Формулы_топлива(Схема)	Доп_угли(Схема)	2024	1.10155090109104	1.10155090109104	1.15485175114383	1.15485175114383	6200	6500	6500	431		0.17	0
ТЭС Уралэнерго	2029	(oes=5) and (ved>0)	280515			0.911169433593749	370	Станции(Схема)	Удельные(Схема)	Формулы_топлива(Схема)	Доп_угли(Схема)	2024	1.09287256225157	1.09287256225157	1.11049953906208	1.1457534926831	6200	6300	6500	432		0.2	0
ТЭС Уралэнерго	2030	(oes=5) and (ved>0)	283606			0.908587646484375	370	Станции(Схема)	Удельные(Схема)	Формулы_топлива(Схема)	Доп_угли(Схема)	2024	1.09839628992334	1.09839628992334	1.09839628992334	1.13326601341297	6300	6300	6500	433		0.26	0
ТЭС Центрэнерго	2031	(oes=2) and (ved>0)	193503			0.843097534460938	400	Станции(Схема)	Удельные(Схема)	Формулы_топлива(Схема)	Доп_угли(Схема)	2024	1.31735944432491	1.23196745321778	1.0559721027581	1.36885272579753	6300	5400	7000	134		0.26	0
ТЭС Центрэнерго	2026	(oes=2) and (ved>0)	166880	0	0	0.876964355343749	400	Станции(Схема)	Удельные(Схема)	Формулы_топлива(Схема)	Доп_угли(Схема)	2024	1.07236298537872	1.07236298537872	1.07236298537872	1.39407188099233	5000	5000	6500	129		0.11	0
ТЭС Центрэнерго	2027	(oes=2) and (ved>0)	171690	0	0	0.878839111421873	400	Станции(Схема)	Удельные(Схема)	Формулы_топлива(Схема)	Доп_угли(Схема)	2024	1.21946231347196	1.21946231347196	1.05126061506203	1.38766401188188	5800	5000	6600	130		0.14	0
ТЭС Центрэнерго	2028	(oes=2) and (ved>0)	181456			0.8854248046875	400	Станции(Схема)	Удельные(Схема)	Формулы_топлива(Схема)	Доп_угли(Схема)	2024	1.35025189864845	1.27547967220704	1.04918489165418	1.41948544164977	6200	5100	6900	131		0.17	0
ТЭС Центрэнерго	2029	(oes=2) and (ved>0)	180095			0.867617797851563	400	Станции(Схема)	Удельные(Схема)	Формулы_топлива(Схема)	Доп_угли(Схема)	2024	1.34000701267707	1.28615141675227	1.05796326216719	1.38987330520003	6200	5100	6700	132		0.2	0
ТЭС Центрэнерго	2030	(oes=2) and (ved>0)	185744			0.880781494234374	400	Станции(Схема)	Удельные(Схема)	Формулы_топлива(Схема)	Доп_угли(Схема)	2024	1.33930856796083	1.26305796903265	1.05933894176932	1.38528938539065	6200	5200	6800	133		0.23	0
Из.узлы Дальнего Востока	2026	(oes=9) and (ved>0)	4804.03248	0	0	0.9203125	435	Станции(Схема)	Удельные(Схема)	Формулы_топлива(Схема)	Доп_угли(Схема)	2024	1.26418301019279	1.26444523955425	1.26444523955425	1.26444523955425	4000	4000	4000	809		0.11	1
Из.узлы Дальнего Востока	2027	(oes=9) and (ved>0)	4907.03248	0	0	1.08241882324219	435	Станции(Схема)	Удельные(Схема)	Формулы_топлива(Схема)	Доп_угли(Схема)	2024	1.29953548073793	1.34259510750171	1.27866200714449	1.27866200714449	4200	4000	4000	810		0.14	1
Из.узлы Дальнего Востока	2028	(oes=9) and (ved>0)	5237.03248			0.725885009765625	435	Станции(Схема)	Удельные(Схема)	Формулы_топлива(Схема)	Доп_угли(Схема)	2024	1.48367193225878	1.4374334692938	1.49761244176969	1.49761244176969	4800	5000	5000	811		0.17	1
Из.узлы Дальнего Востока	2029	(oes=9) and (ved>0)	5244.03248			0.701763916015625	435	Станции(Схема)	Удельные(Схема)	Формулы_топлива(Схема)	Доп_угли(Схема)	2024	1.51242688411969	1.46542164024883	1.49561335287534	1.49561335287534	4900	5000	5000	812		0.2	1
Из.узлы Дальнего Востока	2030	(oes=9) and (ved>0)	5250.03248	0	0	0.751174926757812	435	Станции(Схема)	Удельные(Схема)	Формулы_топлива(Схема)	Доп_угли(Схема)	2024	1.47975645892363	1.43387481008306	1.49390409104669	1.49390409104669	4800	5000	5000	813		0.23	1
ТЭС Востокэнерго	2031	(oes=7) and (ved>0)	49677			0.924728393554687	420	Станции(Схема)	Удельные(Схема)	Формулы_топлива(Схема)	Доп_угли(Схема)	2024	1.17605302509278	1.15791212231012	1.19354018761197	1.2113542202629	6500	6700	6800	634		0.26	0
ТЭС Востокэнерго	2026	(oes=7) and (ved>0)	33599	0	0	0.98509521484375	420	Станции(Схема)	Удельные(Схема)	Формулы_топлива(Схема)	Доп_угли(Схема)	2024	1.34901173561718	1.26549427066282	1.37095212655139	1.3920436977291	6000	6500	6600	629		0.11	0
ТЭС Востокэнерго	2027	(oes=7) and (ved>0)	38310	0	0	1.0878173828125	420	Станции(Схема)	Удельные(Схема)	Формулы_топлива(Схема)	Доп_угли(Схема)	2024	1.35955527212941	1.32926900287131	1.37016958757505	1.39061987992691	6500	6700	6800	630		0.14	0
ТЭС Востокэнерго	2028	(oes=7) and (ved>0)	44908			0.971435546875	420	Станции(Схема)	Удельные(Схема)	Формулы_топлива(Схема)	Доп_угли(Схема)	2024	1.2379055915901	1.21574330854191	1.25315079495858	1.27185453816692	6500	6700	6800	631		0.17	0
ТЭС Востокэнерго	2029	(oes=7) and (ved>0)	49677			0.924722290039063	420	Станции(Схема)	Удельные(Схема)	Формулы_топлива(Схема)	Доп_угли(Схема)	2024	1.17605302509278	1.15791212231012	1.19354018761197	1.2113542202629	6500	6700	6800	632		0.2	0
ТЭС Востокэнерго	2030	(oes=7) and (ved>0)	49677			0.924725342171876	420	Станции(Схема)	Удельные(Схема)	Формулы_топлива(Схема)	Доп_угли(Схема)	2024	1.17605302509278	1.15791212231012	1.19354018761197	1.2113542202629	6500	6700	6800	633		0.23	0
Норильск	2031	(oes=10) and (ved>0)	4437.217			0.795758056882813	425	Станции(Схема)	Удельные(Схема)	Формулы_топлива(Схема)	Доп_угли(Схема)	2024	1.06976963263235	1.06976963263235	1.30002657070862	1.30002657070862	4000	5000	5000	714		0.26	0
Норильск	2026	(oes=10) and (ved>0)	3230.215	0	0	0.944924926757813	425	Станции(Схема)	Удельные(Схема)	Формулы_топлива(Схема)	Доп_угли(Схема)	2024	1.10212478116782	1.10212478116782	1.78579444402308	1.78579444402308	3000	5000	5000	709		0.11	0
Норильск	2027	(oes=10) and (ved>0)	3500.215	0	0	0.962698364757813	425	Станции(Схема)	Удельные(Схема)	Формулы_топлива(Схема)	Доп_угли(Схема)	2024	1.08491621228982	1.08491621228982	1.64804162030047	1.64804162030047	3200	5000	5000	710		0.14	0
Норильск	2028	(oes=10) and (ved>0)	3655.216			0.955966186523438	425	Станции(Схема)	Удельные(Схема)	Формулы_топлива(Схема)	Доп_угли(Схема)	2024	1.23370547732336	1.23370547732336	1.57815570953946	1.57815570953946	3800	5000	5000	711		0.17	0
Норильск	2029	(oes=10) and (ved>0)	3890.217			0.902154541015625	425	Станции(Схема)	Удельные(Схема)	Формулы_топлива(Схема)	Доп_угли(Схема)	2024	1.15917955219465	1.15917955219465	1.48282216647555	1.48282216647555	3800	5000	5000	712		0.2	0
Норильск	2030	(oes=10) and (ved>0)	4268.2152	0	0	0.816903686523438	425	Станции(Схема)	Удельные(Схема)	Формулы_топлива(Схема)	Доп_угли(Схема)	2024	1.11212761718294	1.11212761718294	1.35150167686015	1.35150167686015	4000	5000	5000	713		0.23	0
Из.узлы Дальнего Востока	2031	(oes=9) and (ved>0)	5257.03248			0.671978759765625	435	Станции(Схема)	Удельные(Схема)	Формулы_топлива(Схема)	Доп_угли(Схема)	2024	1.47765667494619	1.43196589763173	1.49163114336639	1.49163114336639	4800	5000	5000	814		0.26	1
ТЭС Сибирьэнерго	2031	(oes=6) and (ved>0)	158076			0.96809387225	430	Станции(Схема)	Удельные(Схема)	Формулы_топлива(Схема)	Доп_угли(Схема)	2024	1.2093428944087	1.20833690756345	1.22692670614135	1.11538791467395	6500	6600	6000	534		0.26	0
ТЭС Сибирьэнерго	2026	(oes=6) and (ved>0)	133440.612371485	0	0	0.97298583984375	430	Станции(Схема)	Удельные(Схема)	Формулы_топлива(Схема)	Доп_угли(Схема)	2024	1.27201827650618	1.26243621792609	1.28279809240877	1.22171246896074	6200	6300	6000	529		0.11	0
ТЭС Сибирьэнерго	2027	(oes=6) and (ved>0)	142934	0	0	0.999429321789062	430	Станции(Схема)	Удельные(Схема)	Формулы_топлива(Схема)	Доп_угли(Схема)	2024	1.20267978021929	1.19390109569214	1.21255580031233	1.11928227721138	6400	6500	6000	530		0.14	0
ТЭС Сибирьэнерго	2028	(oes=6) and (ved>0)	143109			1.0085693359375	430	Станции(Схема)	Удельные(Схема)	Формулы_топлива(Схема)	Доп_угли(Схема)	2024	1.25492855003128	1.25159189848297	1.27084715845964	1.15531559859967	6500	6600	6000	531		0.17	0
ТЭС Сибирьэнерго	2029	(oes=6) and (ved>0)	149056			0.990695190429688	430	Станции(Схема)	Удельные(Схема)	Формулы_топлива(Схема)	Доп_угли(Схема)	2024	1.23736949717522	1.23567025144912	1.25468056300988	1.14061869364534	6500	6600	6000	532		0.2	0
ТЭС Сибирьэнерго	2030	(oes=6) and (ved>0)	158075			0.968093872257813	430	Станции(Схема)	Удельные(Схема)	Формулы_топлива(Схема)	Доп_угли(Схема)	2024	1.20935054484612	1.20834455163688	1.22693446781591	1.11539497074174	6500	6600	6000	533		0.23	0
ТЭС Южэнерго	2030	(oes=4) and (ved>0)	73183			0.929568482117187	365	Станции(Схема)	Удельные(Схема)	Формулы_топлива(Схема)	Доп_угли(Схема)	2024	1.43146818175048	1.21131790869033	1.21131790869033	1.4535814904284	5500	5500	6600	333		0.23	1
