NAME	YEAR	NUST	NR	E	EWTP	Q	QOTR	H	HFIX	OBOR	VED	OBL	OES	NUMB1120	numb1	v
ТЭС Петербургтеплоэнерго (ГПА)	2024	8.584		38.030746				4430.4	1	89	3	9	1	3606	256.1	0
ТЭС Петербургтеплоэнерго (ВК)	2024							0	1	95	3	9	1	3607	256.2	0
ТЭЦ-2 и 3 Котласского ЦБК	2024	48	35	125.24872	121.4912584	2842.268	1157.05960380952	2609.3		10	3	1	1	11	25	0
Архангельская ТЭЦ	2024	450		1683.738997	1323.673011	2713.059764	2548.761662	3741.6		94	2	1	1	1	1	0
Северодвинская ТЭЦ-1	2024	149.1	149.1	630.871604	437.462044	1223.554	1145.59165	4231.2		93	2	1	1	3	5	0
ТЭЦ-15 Автовская(ВК)	2024					370		0		95	2	9	1	1894	206	0
ТЭЦ-22  Южная(ВК)	2024							0		95	2	9	1	1895	230	0
ТЭЦ Ижорского з-да(котельн)	2024			806.114468		527		0		95	2	9	1	1502	243.5	0
ТЭЦ Ижорского з-да(ПГУ)	2024	104.3		806.114468	806.114468	421	421.17671	7728.8		91	2	9	1	1503	243.75	0
ТЭЦ-5 Правобережная(ВК)	2024					608.527		0		95	2	9	1	1892	184	0
Северодвинская ТЭЦ-2	2024	410		1222.988972	891.112	1732.132	1540.744	2982.9		94	2	1	1	4	7	0
Вельская ТЭЦ	2024	18		114.626641	114.626641	79.140302	79.140302	6368.1		90	2	1	1	992	13	0
ТЭЦ-1 Архангельского ЦБК	2024	182		792.49356	455.817	1654.811	1654.811	4354.4	1	93	3	1	1	7	17	0
ТЭЦ-2 Архангельского ЦБК	2024	12		49.791	49.791	677.568	527.147904	4149.2		10	3	1	1	8	19	0
ТЭЦ-3 Архангельского ЦБК	2024	30		141.54	141.54	1242.644	1242.644	4718		10	3	1	1	9	21	0
ТЭЦ-1 Котласского ЦБК	2024	305		1263.691129	837.19567	3718.201	3718.201	4143.2	1	93	3	1	1	10	23	0
Апатитская ТЭЦ	2024	230		502.046584	481.346721	1524.816	1366.374	2182.8		93	2	2	1	15	33	0
Мурманская ТЭЦ	2024	12		11.111863	11.111863	667.046	69.367	926		92	2	2	1	16	35	0
ТЭЦ Ковдорского ГОКа	2024	8								10	3	2	1	20	43	0
Котельные Южная и Восточная	2024					1528.064		0		95	2	2	1	1022	44.1	0
Петрозаводская ТЭЦ	2024	280		1297.926473	843.032	1749.231	1579.041	4635.5		94	2	3	1	21	45	0
ТЭЦ-1 Сегежского ЦБК (36 МВт)	2024	24	24	101.902	101.902	1110.503	719.536	4245.9	1	92	3	3	1	22	51	0
ТЭЦ-2 Сегежского ЦБК (24 МВт)	2024	24	24	88.577	88.577	1023.915	903.775	3690.7		10	3	3	1	23	53	0
ТЭЦ ЦБК г.Кондопога (60 МВт)	2024	60	60	351.3777	175.3494	688.637	509.301	5856.3	1	93	3	3	1	1335	56	0
ТЭЦ ЦБК г.Кондопога (39 МВт)	2024	48	48	184.55655	184.55655	1191.542	1191.542	3844.9		10	3	3	1	1336	56.5	0
ТЭЦ Питкяранта	2024	22		6.012	6.012	345.253	6.808	273.3	1	92	3	3	1	25	57	0
Печорская ГРЭС	2024	1060	1060	3081.8946	142.249395	253.30133	248.672948	2907.4		3	1	4	1	26	59	0
Воркутинская ТЭЦ-1	2024					1040.87212		0		95	2	4	1	28	65	0
Воркутинская ТЭЦ-2(КЭС-90)	2024	78		291.668832				3739.3		1	1	4	1	30	69	0
Воркутинская ТЭЦ-2(ТЭЦ-90)	2024	192		687.711415	164.982939	374.46188	373.51488	3581.8		93	2	4	1	31	71	0
Интинская ТЭЦ	2024	6		16.446143	16.446143	375.769	149.296	2741		10	2	4	1	33	75	0
Сосногорская ТЭЦ(КЭС-90)	2024	275		1098.263859				3993.7		1	1	4	1	35	79	0
Сосногорская ТЭЦ(ТЭЦ-90)	2024	102		402.134506	118.417835	351.303	252.246	3942.5		93	2	4	1	36	81	0
Ярегская ТЭЦ	2024	75		455.313186	455.313186	412.513455	412.513455	6070.8	1	90	3	4	1	1366	86.5	0
Котельные  Коми	2024					2760.128		0		95	2	4	1	38	95	0
ТЭЦ  Монди СЛПК	2024	572.7		3019.2158	1541.940437	4466.497	4466.497	5271.9	1	94	3	4	1	39	97	0
КС Вуктыльская	2024	12	12	6.016326	6.016326	2.71	2.71	501.4	1	20	4	4	1	2073	99.7	0
КС Ухтинская	2024	9	9	0.888383				98.7	1	20	4	4	1	2074	99.8	0
КС Микуньская	2024	9	9	0.017				1.9	1	20	4	4	1	2075	99.9	0
Усинская ТЭЦ	2024	100		664.571264				6645.7	1	90	3	4	1	3140	99.94	0
КС Синдорская	2024	4.5	4.5	0.036975				8.2	1	24	4	4	1	3116	99.96	0
ЭСН КС-45, 46,47,48, 49  ЛПУМГ	2024							0		24	4	4	1	42	100.1	0
ГПТЭС ООО Енисей	2024	6.5	6.5	33.449609				5146.1	1	89	3	4	1	3115	100.2	0
ТЭС Сыктывкарская (АО ККТ)	2024	4.8		31.610364				6585.5		92	2	4	1	3121	100.3	0
ТЭС ООО Княжпогостский завод	2024	6		24.9025				4150.4	1	92	3	4	1	3141	100.4	0
Мини-ТЭЦ ОАО СевЛесПил	2024	2.3		3.09092				1343.9	1	10	3	4	1	3142	100.5	0
Псковская ГРЭС	2024	440		427.783925	11.260482	50.53	19.076	972.2		3	1	7	1	50	133	0
ТЭС ЗАО ЗЭтО (Завод Электротехнического Оборудования)	2024	2.7		5.016	5.016	102.637	102.637	1857.8	1	1	4	7	1	3099	146.1	0
Новгородская ТЭЦ (тепл)	2024	140		482.834025	181.328359	1748.282	532.589	3448.8		94	2	8	1	1403	148	0
Новгородская ТЭЦ(ПГУ)	2024	221		1211.21851	401.955892	304.574	288.32	5480.6		91	2	8	1	1404	148.5	0
Лужская ГТ-ТЭЦ	2024	24.5		46.562703				1900.5		90	2	8	1	1903	154.5	0
ТЭЦ Акрон	2024	16.5		100.995				6120.9	1	92	3	8	1	3160	154.6	0
ТЭЦ к-та огнеуп.г.Боровичи	2024	20.5	20.5	148.297407	13.755	91.033	91.033	7234	1	92	3	8	1	55	155	0
ТЭС ОАО 123 авиац.ремонт.з-д	2024	7.5	7.5	12.421	12.421	28.691	28.691	1656.1	1	90	3	8	1	1836	156	0
ГРЭС-19 Киришская (240 ата)	2024	1500		1388.430056	8.261321			925.6		4	1	9	1	58	161	0
ГРЭС-19 Киришская (ПГУ)	2024	795		2574.441834				3238.3		21	1	9	1	1477	161.5	0
ГРЭС-19 Киришская (130 ата)	2024	265		1199.868279	707.5637	2704.692	2054.4437	4527.8		94	2	9	1	59	163	0
ТЭЦ Центральная (г.СПб) (действ)	2024	23		98.887336	70.701	1477.895	574.475	4299.4		93	2	9	1	993	177	0
ТЭЦ Центральная (г.СПб) (ГТ)	2024	100		549.850873	496.684443	868.412	661.532	5498.5		90	2	9	1	994	179	0
ТЭЦ-5 Правобережная(130 ата)	2024	180		711.621174	573.615725	928.091	910.8	3953.5		94	2	9	1	923	182	0
ТЭЦ-5 Правобережная(ПГУ)	2024	463		1975.587311	1219.766945	987.442	977	4266.9		91	2	9	1	1044	187	0
ТЭЦ-7 Василеостровская	2024	135		764.193242	698.846643	1874.887	1604.613	5660.7		93	2	9	1	63	189	0
ТЭЦ-14 Первомайская	2024	360		1897.868006	1366.560619	1575.867	829.841	5271.9		91	2	9	1	66	195	0
ТЭЦ-15 Автовская(130 ата)	2024	246		1085.90099	937.637275	1540	1525.466	4414.2		94	2	9	1	71	204	0
ТЭЦ-15 Автовская(90 ата)	2024	82		400.498035	400.498035	1412.496	1281.79	4884.1		93	2	9	1	70	205	0
ТЭЦ-17 Выборгская(130 ата)	2024	223		691.012475	506.052906	1007	968.919	3098.7		94	2	9	1	74	212	0
ТЭЦ-17 Выборгская(90 ата)	2024	27.5		82.119771	71.10237	190.72	186.094	2986.2		93	2	9	1	73	213	0
ТЭЦ-21  Северная	2024	500		1956.60912	1721.935	3334.593	3157.03	3913.2		94	2	9	1	75	217	0
ТЭЦ-22  Южная(тепл)	2024	750		2344.714071	1571.666	2611.365	2563.835	3126.3		96	2	9	1	833	227	0
ТЭЦ-22  Южная(ПГУ-Т)	2024	457		2565.365339	1369.96	1150.025	1021.528	5613.5		91	2	9	1	834	229	0
Северо-Западная ТЭЦ	2024	900	866.845	6467.482491	1728.685272	1783.396	1761.059	7186.1		91	2	9	1	77	235	0
Юго-Западная ТЭЦ	2024	460		3406.990523	1464.300934	1102.291	1072.964	7406.5		91	2	9	1	1348	236.6	0
Всеволожская ТЭЦ	2024	18		88.635861				4924.2		90	2	9	1	1870	236.91	0
ТЭЦ завода г.Сланцы	2024	20		126.489888	28.48188	129.55	107.964	6324.5	1	92	3	9	1	78	237	0
ТЭЦ ЦБК пос.Сясьстрой	2024	22.8		107.749781	107.749781	759.39	725.634	4725.9	1	92	3	9	1	86	253	0
ТЭЦ ООО Пикалёвского глинозёмного завода	2024	78		390.28422				5003.6	1	93	3	9	1	79	239	0
ТЭЦ НПО ЦКТИ	2024	18		31.120519	28.556478	378.73565	62.712	1728.9	1	92	3	9	1	82	245	0
ТЭЦ ЦБК г.Светогорск	2024	93		476.828566	476.828566	2309.846	2309.846	5127.2	1	94	3	9	1	84	249	0
ТЭЦ БГ-РУСАЛ г.Бокситогорск	2024	24		58.38	58.38	260.3	260.3	2432.5	1	92	3	9	1	85	251	0
ТЭЦ-1 Обуховэнерго	2024	24.9		93.165499	93.165499	514.76458	496.522	3741.6		10	3	9	1	835	257	0
ТЭЦ ООО ПГ Фосфорит	2024	44		253.407472	179.972472			5759.3	1	92	3	9	1	1063	259	0
ТЭЦ АО ЕвроХим-Северо-Запад	2024	12		97.70224				8141.9	1	92	3	9	1	164	259.1	0
Тихвинская ТЭЦ	2024	55		293.716608				5340.3	1	24	4	9	1	3143	260.1	0
Волховская ТЭЦ	2024	12		31.18716				2598.9		10	3	9	1	836	261	0
УТЭЦ ВФ АО Апатит	2024	32.1		271.00034				8442.4	1	92	3	9	1	212	262.1	0
ГПТЭС ООО Петербургцемент	2024	25.22		140.74323				5580.6	1	89	3	9	1	945	262.3	0
ТЭЦ НИТИ им.Александрова	2024	20							1	92	3	9	1	1188	262.5	0
ГУП ТЭК СПб	2024	21		45.785046	45.785046	1234.279346	306.595666	2180.2	1	90	3	9	1	3003	262.65	0
ГТ ТЭЦ Балтика - СПб	2024	7.1	7.1	42.507249	42.507249	94.353248	31.326581	5986.9	1	90	3	9	1	1265	262.7	0
ТЭЦ КНАУФ ПЕТРОБОРД	2024	12		73.714212	73.714212	701.1	530	6142.9	1	92	3	9	1	1333	262.9	0
ТЭС ООО Вирео Энерджи	2024	2.4		0.052064				21.7	1	24	1	9	1	3144	262.91	0
ТЭС ООО ВВСС (Пулково)	2024	10.5		33.3889	33.3889	58.3173	35.303811	3179.9		90	3	9	1	3145	262.92	0
ТЭС ООО Айкон Тайерс	2024	12		82.614853	82.614853	39.631	39.631	6884.6	1	89	3	9	1	3214	262.925	0
ЭСН КС Портовая	2024	10.5		0.218229				20.8	1	24	4	9	1	3202	262.93	0
Калининградская ТЭЦ-1	2024					407.279		0		95	2	10	1	89	265	0
ТЭС г.Гусев	2024	8.5				82.574			1	10	2	10	1	90	271	0
Калининградская ТЭЦ-2	2024	900		3435.415982	285.522472	316.038	314	3817.1		91	2	10	1	91	277	0
Маяковская ТЭС (г.Гусев)	2024	160.26	160.26	84.685828				528.4		20	1	10	1	1743	282.55	0
Прегольская ТЭС (г.Калиниград)	2024	463.063	463.063	1126.513159				2432.7		21	1	10	1	1741	282.6	0
Талаховская ТЭС (г.Советск)	2024	161.1		136.307808				846.1		20	1	10	1	1605	282.7	0
Приморская ТЭС (г.Светлый)	2024	195	195	71.553667				366.9		2	1	10	1	1608	282.9	0
ТЭЦ ЦБК г.Советск	2024	24	24	44.783	44.783	90.907	90.907	1866		92	3	10	1	94	283	0
Энергетический центр г. Санкт-Петербург	2024	5.5							1	89	3	9	1	953	353	0
	2024	24.9	24.9		0				1	24	4	9	1	3035	353.1	0
