numb1120	v	year	y	snk	sntp	bk	btp	snbas	Ksn	bbas	Kh
99	0	2021	418.136207914225	6.68316710993578	0.82398814873685	362.34044355955	260.614889111214	0	0	0	0
100	0	2021	320.824608953853	5.64110156837429	0.835722430259363	428.6927370571	316.307184108355	0	0	0	0
102	0	2021	700	4.20286516607433	0.873217179822805	379.811892189049	257.697931177971	0	0	0	0
109	0	2021	205.668611854354	1.60282767938937	0.859401251401548	180.341911121629	180.341911121629	0	0	0	0
108	0	2021	419.946200369464	6.74788333640094	0.838227843407229	376.238184047193	283.293601671278	0	0	0	0
299	0	2021	315.274931301639	4.59290104273967	0.802782766367362	466.519666505092	372.199393195103	0	0	0	0
301	0	2021	218.510836983088	8.39466662851814	0.781224303499512	499.546780802934	382.43332398031	0	0	0	0
302	0	2021	329.286137874202	7.67	0.684941857772684	488.979364244005	380.970005796681	0	0	0	0
304	0	2021	300.295478596572	6.30541410437424	0.842598446083966	433.216482719651	342.029152338278	0	0	0	0
305	0	2021	521.223279772376	5.99724452047885	0.854904943787356	378.090141179978	285.555043789312	0	0	0	0
309	0	2021						0	0	0	0
310	0	2021	291.196953611201	4.89863565388804	0.741701871375687	375.61572555351	375.61572555351	0	0	0	0
311	0	2021	129.7048028	6.703039751	0.620300977	577.1312585	577.1312585	0	0	0	0
312	0	2021	422.189957396299	7.43823770304985	0.815315870601329	436.369424167492	334.815813420878	0	0	0	0
315	0	2021	430.633200808717	8.42746929300186	0.800479000584127	396.578473265892	296.000494085321	0	0	0	0
318	0	2021	621.784078476459	8.50536683656476	0.814226258090358	482.977273447083	356.340670782531	0	0	0	0
319	0	2021	572.217581872111	5.78117168461626	0.854029705593598	370.797671009109	259.734553418665	0	0	0	0
320	0	2021						0	0	0	0
323	0	2021	472.977335095741	4.97828619707573	0.840258839528847	339.803682210815	238.192635735599	0	0	0	0
325	0	2021	99.310887174482	3.10812743169713	0.358083579627147	300.614303819189	211.820876703786	0	0	0	0
327	0	2021	496.91098425392	8.2617762853147	0.825467226034548	492.827750143118	388.968231259774	0	0	0	0
328	0	2021	567.963240460097	5.64665275973487	0.854996046937816	355.640009351001	244.283926046737	0	0	0	0
329	0	2021	173.190607628016	4.13100270978514	0.670290130042901	342.254590501309	342.254590501309	0	0	0	0
330	0	2021	200	6.6	0.393844004019829	236.022924544006	236.022924544006	0	0	0	0
331	0	2021						0	0	0	0
332	0	2021	0	7.02285160248536	0	367.958327808949	0				
340	0	2021	384.601749872801	6.97607400058612	0.839076505484281	423.430799190024	302.428389841496	0	0	0	0
343	0	2021	378.845750916338	7.8379798429381	0.823296759562804	409.214270835246	278.897079662019	0	0	0	0
344	0	2021						0	0	0	0
346	0	2021	511.893265919282	4.84209693490659	0.893427045596291	367.857864948002	251.974807824712	0	0	0	0
347	0	2021	315.331584806421	4.02723931766138	0.877388977024829	425.530664165477	268.636768003832	0	0	0	0
350	0	2021	119.48796687255	12	0.779995132635678	216.6	216.6	0	0	0	0
352	0	2021	521.655359212689	4.9785846824084	0.857345253800544	332.092888510955	248.601909750021	0	0	0	0
354	0	2021	40.6818524590164	29.4807810950466	0.705192189049534	445.714285714286	445.714285714286	0	0	0	0
355	0	2021	149.377675520833	13.2442317447055	0.867557682552945	450.745820271682	300.745820271682	0	0	0	0
357	0	2021	543.486389440628	6.26555997356458	0.873643092492384	379.434545753221	274.731320249057	0	0	0	0
358	0	2021	531.519181313516	8.61253795464795	0.802253428091343	550.379647380823	432.415826134545	0	0	0	0
362	0	2021	522.223979890727	7.00731306057702	0.845105511241731	411.69358632397	299.206486352621	0	0	0	0
363	0	2021	444.346946344831	6.65885275658992	0.838833684316686	412.881129130009	301.594936016017	0	0	0	0
433	0	2021						0	0	0	0
847	0	2021	535.69856870429	10.1145816867806	0.727071304976824	440.904870297336	344.733259209399	0	0	0	0
849	0	2021	112	3.8016362285343	0	201.805524884297	0	0	0	0	0
1094	0	2021	1384.65421296972	3.57143036754732	0.945508772764639	232.479567107878	183.177600638668	0	0	0	0
1095	0	2021	309.917470239705	5.8346364770296	0.842123589077614	483.817592303478	360.737187253183	0	0	0	0
1202	0	2025						0	0	0	0
1205	0	2021	353.815837261903	8.13036621692658	0.755076974664655	429.300055292526	334.652906713468	0	0	0	0
1231	0	2021	1053.52810394529	10.0087211634905	0.855849214309595	278.473891973928	278.473891973928	0	0	0	0
1245	0	2021	161.482510740263	1.63954448073614	0.9248849787518	350.7789285816	350.7789285816	0	0	0	0
1295	0	2021	1465.01464076806	2.50197088174047	0.936713495754764	244.412265115368	175.704359949872	0	0	0	0
1296	0	2021	259.6190116937	4.00769909768537	0.789578536326694	389.908979010088	269.252329499877	0	0	0	0
1297	0	2021	0	4.35105495912162	0	198.131001231859	0	0	0	0	0
1298	0	2021	2747	4.05219950787507	0.940101643365769	215.111324194916	106.39623577406	0	0	0	0
1312	0	2021	993.514271380926	1.77142398295614	0.944592706008364	264.486048810918	215.345397855049	0	0	0	0
1437	0	2021	166.457124600205	4.16613025353286	0.650480381240809	385.382662697019	297.078767750242	0	0	0	0
1439	0	2021	0	3.1	0		0	0	0	0	0
1440	0	2021	172.531082049942	2.39	0.905679219147634	173.57	173.57	0	0	0	0
1441	0	2021	167.479735465035	1.46	0.850013923698134	149.98	149.98	0	0	0	0
1442	0	2021	0		0		0	0	0	0	0
1454	0	2021	462.368280984276	3.9871758430797	0.831629844974965	328.519507574283	248.818903568666	0	0	0	0
1571	0	2021	0	1.67985714703902	0	156.854431657581	0	0	0	0	0
1580	0	2021	0		0		0	0	0	0	0
1588	0	2021	644.987528940687	1.50417140657298	0.972845539170123	258.001265585868	258.001265585868	0	0	0	0
1594	0	2021	4286.79177451826	0.991928084951863	0.979492819310325	487.392289318291	378.098964618593	0	0	0	0
1595	0	2021	0	8.29312441598733	0.782717463921522	319.934786202967	239.960954627688	0	0	0	0
1684	0	2021	431.786967728436	5.39241338538481	0.861086679481203	276.33148906821	276.33148906821	0	0	0	0
1751	0	2021	1284.7784565186	4.20504012118455	0.937557415079838	253.867171790608	174.777704383779	0	0	0	0
1840	0	2021	373.101257599586	3.16464369834963	0.897844842582602	346.90858803745	253.236510845191	0	0	0	0
1888	0	2021									
1889	0	2021									
1961	0	2021	310.861390881078	6.81402459286541	0.840386929481421	465.785853824077	364.37132782798	0	0	0	0
1962	0	2021									
3046	0	2021						0	0	0	0
3087	0	2021	83.2763863566799	1.44256318778453	0.855752270725174	212.698909194466	212.698909194466	0	0	0	0
3089	0	2021	0	1.9604	0	211.52	0	0	0	0	0
3132	0	2021	0	6.56	0	959.32	0	0	0	0	0
3155	0	2021	982.470602599096	2.98375626086224	0.947860650702206	221.151572666191	221.151572666191	0	0	0	0
3170	0	2021	0	0.56	0	286.13	0	0	0	0	0
3171	0	2021	1173.16795482215	6.50903696527504	0.933372353916691	263.777966785838	263.777966785838	0	0	0	0
3172	0	2021		3.5		250		0	0	0	0
3176	0	2021	0	4.72	0	270	0	0	0	0	0
3184	0	2021	0		0		0	0	0	0	0
3185	0	2021	514.452946840318	2.30306254124925	0.967099106553582	338.612913411491	338.612913411491	0	0	0	0
3203	0	2021	0		0		0	0	0	0	0
3227	0	2021	0	2	0	370.006667439703	0	0	0	0	0
3228	0	2021	0		0		0	0	0	0	0
99	0	2022	431.200184997147	6.58237428221331	0.829179337572454	368.894814096754	266.898677131345	0	0	0	0
100	0	2022	291.053879212079	6.52957626042559	0.821856406100908	412.995030699628	300.274356299657	0	0	0	0
102	0	2022	831.09433661631	3.94828832772836	0.895521361902383	356.501824930689	233.319331867527	0	0	0	0
109	0	2022	195.478072590505	1.76750919538913	0.844955140251169	178.829914777084	178.829914777084	0	0	0	0
127	0	2022						0	0	0	0
108	0	2024	408	7.53899326790829	0.828406818090396	388.251199429305	295.357732469292	0	0	0	0
299	0	2022	305.630463504244	4.49000455908155	0.799936218991408	468.537134065197	375.213829709825	0	0	0	0
301	0	2022	211.553649543935	8.81257433523065	0.775300307945616	507.510215218221	390.871760006453	0	0	0	0
304	0	2022	306.960490140408	6.18735736279659	0.843533753866817	424.13095817016	332.913681097698	0	0	0	0
305	0	2022	525.285609381341	5.89377118587003	0.853875980489427	382.502871405252	289.944459688756	0	0	0	0
310	0	2022	279.766051887855	4.90681485641655	0.746552666972111	371.403118040089	371.403118040089	0	0	0	0
312	0	2022	436.565773871763	6.89123072349116	0.815096397826425	430.662250762327	329.768229358014	0	0	0	0
315	0	2022	452.614322691976	8.60588548711013	0.800456071355594	390.472025606056	289.649071919272	0	0	0	0
318	0	2022	643.506509560376	7.86722637104791	0.82128731933407	479.122430233753	352.250543466849	0	0	0	0
319	0	2022	570.589875789278	5.99840926658228	0.846742419326815	368.302342332623	258.236130425921	0	0	0	0
323	0	2022	457.555393383686	5.05970538955782	0.837207232285587	339.417657889512	238.133032214412	0	0	0	0
325	0	2022	89.7442718916776	2.78866162625488	0.386125041303452	337.30338936212	247.738503228438	0	0	0	0
327	0	2022	476.056248266511	7.68043582667808	0.826935427200289	434.770480128576	333.408285376168	0	0	0	0
328	0	2022	574.963382841235	5.70864834813132	0.857463288629781	351.396322750088	239.985311207749	0	0	0	0
329	0	2022	178.988747518117	3.15923092270938	0.686353314612133	255.067130859676	255.067130859676	0	0	0	0
330	0	2022	182.092704347826	6.4	0.41070617092746	298.7	298.7	0	0	0	0
332	0	2022	0	7.27492763162936	0	377.44229014757	0	0	0	0	0
340	0	2022	425.705862263638	6.41866208570817	0.848756725737766	412.483912428775	291.791423481041	0	0	0	0
343	0	2022	427.536991130879	6.72395583293327	0.848120073690143	395.167659974831	264.226220712682	0	0	0	0
346	0	2022	518.252936068556	4.94982873228768	0.89111157325226	368.365669862917	252.733571810251	0	0	0	0
347	0	2022	315.189712182444	4.07574549714268	0.875499073095333	419.682486866706	262.733593379863	0	0	0	0
350	0	2022	99.6212756128947	14.6632476843372	0.794233083887174	157.738683534295	157.738683534295	0	0	0	0
352	0	2022	526.605246854515	5.00451163722775	0.857635565669262	324.139581821446	240.637658720761	0	0	0	0
354	0	2022	0		0		0	0	0	0	0
355	0	2022	107.898874415602	6.27051549089957	0.770829223860606	484.108312260821	344.143333028951	0	0	0	0
357	0	2022	547.745317107841	6.42994872810523	0.869236674028535	378.002817138497	273.672225751708	0	0	0	0
358	0	2022	682.305715120241	10.1598287344188	0.793579262134533	606.233286433031	482.853644745284	0	0	0	0
362	0	2022	540.344281876997	6.63526190935944	0.851800984332084	399.199778163955	286.820664009843	0	0	0	0
363	0	2022	152.405835845585	6.5998943632551	0.672513207844442	356.015396256705	244.608351323461	0	0	0	0
433	0	2022	1300	2	0.95	280	260	0	0	0	0
847	0	2022	554.274527692249	10.0644468790058	0.705819975395303	420.699153903765	326.008426661526	0	0	0	0
849	0	2022	0	3.78293017642499	0	194.671500727742	0	0	0	0	0
1094	0	2022	1310.33994350075	3.73708468507369	0.941048017492641	226.186011370381	177.017425962173	0	0	0	0
1095	0	2022	374.873959391042	5.52144519647439	0.857350539808648	475.651753142441	351.656785645133	0	0	0	0
1205	0	2022	242.19992773985	11.6781909923379	0.650986480617114	473.650132015922	389.13471056201	0	0	0	0
1231	0	2022	1062.50951342026	9.54228546869777	0.876378873979275	294.29633968587	294.29633968587	0	0	0	0
1245	0	2022	175.961789791549	1.4981370190569	0.930166205619623	350.372062065494	350.372062065494	0	0	0	0
1266	0	2022	0		0		0	0	0	0	0
1295	0	2022	1198.4165093243	2.52778664092039	0.927845037302021	240.109391790335	171.644296732269	0	0	0	0
1296	0	2022	277.686028294441	3.796679766322	0.774119604074317	375.356747114001	257.083765478131	0	0	0	0
1297	0	2022	0	5.12090092226538	0	198.322319490843	0	0	0	0	0
1298	0	2022	0	4.00345959906322	0.941906831726458	215.575379203344	106.804185061982	0	0	0	0
1312	0	2022	1002.58213516705	1.83356220496444	0.944888808858253	269.460768786111	220.253255446746	0	0	0	0
1437	0	2022	102.400192720735	3.85766888186706	0.636346947437615	361.183332743978	274.641618069192	0	0	0	0
1439	0	2022	229.639210461969	3.09376555758746	0.950457284252525	61.973413547417	4.69064940026674	0	0	0	0
1440	0	2022	174.484233884016	2.73520641649405	0.904576496941086	612.841440564006	612.841440564006	0	0	0	0
1441	0	2022	162.966584393393	0.599997140374261	0.850000026478016	174.443394738239	174.443394738239	0	0	0	0
1442	0	2022	127.24922420323	0.55999771622831	0.859999994879436	195.349009256388	195.349009256388	0	0	0	0
1571	0	2022	0	2.03785029688418	0	153.725628569391	0	0	0	0	0
1580	0	2022	0	1.83	0	1050	0	0	0	0	0
1588	0	2022	651.052449002021	1.52830761671883	0.972610559818552	259.799471094715	259.799471094715	0	0	0	0
1594	0	2022	4501.10306647478	0.937162311119744	0.979319253564371	478.529453814114	369.186763451459	0	0	0	0
1595	0	2022	0	7.3409976328254	0.926590023671746	289.829562763728	289.829562763728	0	0	0	0
1684	0	2022	430.074698322822	5.36177849904944	0.856961177775084	266.510974450227	266.510974450227	0	0	0	0
1751	0	2022	1232.15467372511	4.23798252791474	0.938447708059094	253.696762549811	174.550936276504	0	0	0	0
1840	0	2022	386.256365890612	2.60091965357976	0.903339184982281	282.620118859201	188.904567661902	0	0	0	0
2072	0	2022	0	4.5	0	460	0	0	0	0	0
3087	0	2022	81.8407042852638	1.44200050502927	0.85580033371207	203.906059564775	203.906059564775	0	0	0	0
3089	0	2022	0	2.52563938395836	0	239.915989145787	0	0	0	0	0
3132	0	2022	0	9.37195480663381	0.811749047755781	684.834532414622	562.189287442671	0	0	0	0
3155	0	2022	986.990536877481	2.98375566686388	0.947860498312365	221.599088991318	221.599088991318	0	0	0	0
3170	0	2022	0	6.22739636716701	0	309.257580587476	0	0	0	0	0
3171	0	2022	1276.82738652126	5.97673398285191	0.938880742903969	259.338962276548	259.338962276548	0	0	0	0
3176	0	2022	0	5.2	0	269.614984391259	0	0	0	0	0
3184	0	2022	0	1.76356498113134	0	268.042578026979	0	0	0	0	0
3185	0	2022	0		0		0	0	0	0	0
3203	0	2022	0	6.1	0	255	0	0	0	0	0
3227	0	2022	0	2	0	370	0	0	0	0	0
3228	0	2022	1084.23530205759	2.87103375297614	0.958885404833414	311.161739488032	311.161739488032	0	0	0	0
99	0	2023	441.199078854594	7.09055471267677	0.828056307049958	376.368788146324	273.721543869758	0	0	0	0
100	0	2023	284.083586011898	5.74655276647884	0.837104543921818	422.24282217271	308.344661699832	0	0	0	0
102	0	2023	828.534992097355	4.27071959007521	0.886820615217146	369.238599394535	246.145378480164	0	0	0	0
109	0	2023	205.483119301612	1.79516674993352	0.842529030690968	179.207932144975	179.207932144975	0	0	0	0
127	0	2023	0		0		0	0	0	0	0
108	0	2025	380	7.5	0.83	327	327	0	0	0	0
299	0	2023	311.009663291081	4.61830595848529	0.803902627025683	464.958751584893	370.865147347404	0	0	0	0
301	0	2023	213.725857086426	9.06916325402947	0.76011310746678	543.487699466158	427.192089347343	0	0	0	0
304	0	2023	322.224685722566	6.5842279666848	0.839287798153184	430.856119658585	338.982691891743	0	0	0	0
305	0	2023	554.531938952883	6.14910270916698	0.861497198379143	384.720165814228	291.26422764	0	0	0	0
310	0	2023	297.575282803464	5.31356693620845	0.714195867026056	387.168197257517	387.168197257517	0	0	0	0
312	0	2023	426.192190540141	7.01929225608444	0.818009696548355	438.494485288956	337.001356099338	0	0	0	0
315	0	2023	457.553243498199	8.60569355139937	0.807757962905871	378.766322702466	276.318978480371	0	0	0	0
318	0	2023	707.536668268447	8.52003753551766	0.807423054271049	485.563079259402	359.408281812532	0	0	0	0
319	0	2023	579.614229314629	6.18452701565099	0.843762889901203	370.798132541836	260.221932792788	0	0	0	0
323	0	2023	454.264673129771	5.38572650932511	0.832298158189852	353.76982921679	251.954384670684	0	0	0	0
325	0	2023	93.8261637606726	3.68269590147207	0.379169932511881	364.590181686351	275.944439484559	0	0	0	0
327	0	2023	550.924446363876	7.01157985530721	0.850405711351562	442.772844377566	338.061873623303	0	0	0	0
328	0	2023	558.465245261841	5.81800875277733	0.861027109354517	362.383315894557	249.304457960801	0	0	0	0
329	0	2023	179.174285077436	3.12112804339547	0.698306413970735	257.768405825588	257.768405825588	0	0	0	0
330	0	2023	178.950845454545	6.4	0.377187328587388	298.7	298.7	0	0	0	0
332	0	2023	0	7.01584518946324	0	373.357398237736	0				
340	0	2023	371.397259643918	8.22907832693979	0.811681758269461	440.448916835423	318.240318581872	0	0	0	0
343	0	2023	406.927462374384	7.88678223614138	0.83176886408631	421.456563925835	289.599222633954	0	0	0	0
346	0	2023	505.845031914484	5.0781720494704	0.888369387275423	369.196213040368	253.445732577906	0	0	0	0
347	0	2023	313.732489796649	4.41389596983891	0.86827609947926	426.132998374977	269.379389551331	0	0	0	0
350	0	2023	124.978177727784	13.997237120104	0.800016252234682	156.221432199086	156.221432199086	0	0	0	0
352	0	2023	518.919016438915	5.23328412444381	0.850372022643195	332.408158378131	248.692087876816	0	0	0	0
354	0	2023	204.081087824351	9.99958840542148	0.900004115945785	450	450	0	0	0	0
355	0	2023	112.451481928904	6.50553556139525	0.757228067495683	501.904402068505	362.341708063772	0	0	0	0
357	0	2023	535.699711816086	6.49253301179804	0.867613856993277	378.619099184414	273.57399979954	0	0	0	0
358	0	2023	558.916708701842	9.13476541520122	0.830037471734196	568.232752492585	444.545618507924	0	0	0	0
362	0	2023	547.736127821658	6.61661505707368	0.855607430770193	410.896991589533	296.802775044712	0	0	0	0
363	0	2023	459.781117055552	7.06621803601726	0.842309645983506	427.985620547698	315.57297005317	0	0	0	0
847	0	2023	574.428010899482	9.78628948594381	0.75062354919356	471.111884332236	368.666594648543	0	0	0	0
849	0	2023	0	3.86434364793926	0	198.740585579295	0	0	0	0	0
1094	0	2023	1321.76542050056	3.42490391191575	0.943394338330344	224.76883462957	175.592979011015	0	0	0	0
1095	0	2023	366.69118392594	5.74727136851364	0.840977317937518	459.02218320908	336.071387875039	0	0	0	0
1205	0	2023	573.836438453873	6.03725912350314	0.813459031210936	357.847933914274	255.861303100761	0	0	0	0
1231	0	2023	976.3813195848	7.79303494350931	0.901476026768633	280.631730630442	280.631730630442	0	0	0	0
1245	0	2023	185.019948553389	1.49913557455389	0.943931627340455	350.590329620743	350.590329620743	0	0	0	0
1266	0	2023	0		0		0	0	0	0	0
1295	0	2023	1090.58102383032	2.60861457846919	0.913680148776982	237.604999190591	169.125167678982	0	0	0	0
1296	0	2023	291.61840931098	3.81771574205785	0.781345280198446	384.17035999668	265.273477317955	0	0	0	0
1297	0	2023	0	4.82864057912713	0	199.320526393601	0	0	0	0	0
1298	0	2023	2731.91291317195	4.19469688290674	0.939606583219126	220.475756568851	111.756508786162	0	0	0	0
1312	0	2023	921.909640522517	1.85120344498023	0.942578514820913	271.234512026642	222.056429559543	0	0	0	0
1437	0	2023	100.79041083855	3.83971662314816	0.618160515287085	385.109128428255	299.60307967456	0	0	0	0
1439	0	2023	240.931923185603	3.1875764377111	0.950205186333474	61.4646262492768	-1.94731490956279	0	0	0	0
1440	0	2023	187.560902017619	2.74532556238297	0.903183891980274	434.80127062065	434.80127062065	0	0	0	0
1441	0	2023	160.042341091555	0.603195540274551	0.849200899402392	165.790510098436	165.790510098436	0	0	0	0
1442	0	2023	123.427700901358	0.559995474368469	0.860000009350478	195.348832910813	195.348832910813	0	0	0	0
1571	0	2023	0	2.68482850592625	0	127.530228575541	0	0	0	0	0
1580	0	2023	0	1.8314666456375	0	1051.19664799265	0	0	0	0	0
1588	0	2023	609.152676455811	1.51663508959227	0.97197870637286	254.420774124316	254.420774124316	0	0	0	0
1594	0	2023	4629.42311320388	0.957762430201277	0.978976110274052	483.554976274162	374.222339537918	0	0	0	0
1595	0	2023	0	5.72639746745876	0.942736025325412	288.874236060044	288.874236060044	0	0	0	0
1684	0	2023	397.485802780718	5.71424731393796	0.844585069824263	285.525555715424	285.525555715424	0	0	0	0
1751	0	2023	1347.05676647668	4.35203150430591	0.937114132536851	252.81805362273	173.678436658001	0	0	0	0
1840	0	2023	385.647199103021	2.78845502860385	0.897236189409774	292.350380173964	199.021285221424	0	0	0	0
2072	0	2023	0	4.5	0	460	0	0	0	0	0
3087	0	2023	88.1705024370427	1.22655207224062	0.87734752522284	234.185111405157	234.185111405157	0	0	0	0
3089	0	2023	0	2.79372213589117	0	199.329763826045	0	0	0	0	0
3132	0	2023	0		0		0	0	0	0	0
3155	0	2023	996.294930689587	2.98375549644226	0.947860497803969	221.503293170143	221.503293170143	0	0	0	0
3170	0	2023	0	6.29782620392122	0	349.478990736509	0	0	0	0	0
3171	0	2023	1270.13043999651	6.00824717757224	0.938609446981617	264.030795972869	264.030795972869	0	0	0	0
3176	0	2023	0	5.2	0	269.614984391259	0	0	0	0	0
3184	0	2023	0	3.19801577449791	0	278.414459288204	0	0	0	0	0
3185	0	2023	0	2.40285546070062	0	343.18333285702	0	0	0	0	0
3203	0	2023	0	10.6095232400899	0	255.209930996481	0	0	0	0	0
3227	0	2023	0	2	0	370	0	0	0	0	0
3228	0	2023	1266.33180705771	3.25212546269238	0.955523397623222	319.702262824715	319.702262824715	0	0	0	0
99	0	2024	449.674136603954	7.71040369888632	0.818431517576776	397.819869627907	294.695771465952	0	0	0	0
100	0	2024	291.86340844473	6.05577144275413	0.824308107302071	416.64609481805	302.83687409912	0	0	0	0
102	0	2024	518.765175657122	5.92366105591933	0.848211981704145	404.234053298455	283.944832488004	0	0	0	0
109	0	2024	191.668471992278	1.94298848381614	0.829562322335166	339.085174335788	339.085174335788	0	0	0	0
127	0	2024	0		0		0	0	0	0	0
299	0	2024	295.634733623401	4.61148275099514	0.801148894658311	466.708110351222	373.124712418873	0	0	0	0
301	0	2024	204.992519638341	10.6728589594737	0.7551146208579	608.868004181444	492.480875347761	0	0	0	0
304	0	2024	314.798298553498	7.06303989736174	0.832245389222758	440.82867487071	348.694352776705	0	0	0	0
305	0	2024	523.40277365587	6.81545457063539	0.848432326214494	400.347619280023	307.024354026084	0	0	0	0
310	0	2024	302.109252642498	4.63505315050457	0.753891843772676	371.261584869714	371.261584869714	0	0	0	0
312	0	2024	419.357656709312	8.04887628625077	0.783279217222693	467.023359096178	367.395794815691	0	0	0	0
315	0	2024	439.124511778685	7.96114597985668	0.811941334094003	405.593448374641	303.762947772111	0	0	0	0
318	0	2024	643.044771631388	9.71557560917359	0.784422575994626	553.121708301043	427.240257201967	0	0	0	0
319	0	2024	564.439162318439	6.73911460412329	0.837041635136895	378.735902494636	267.824260080738	0	0	0	0
323	0	2024	452.136149023667	6.51134325809114	0.82370245254675	376.25867732899	273.003106718874	0	0	0	0
325	0	2024	101.951120297734	3.72025642290615	0.425703841547518	235.91423427986	146.492782279822	0	0	0	0
327	0	2024	586.740346763784	6.91518435052201	0.854277639378213	441.212448565756	336.564159897691	0	0	0	0
328	0	2024	539.779414869178	6.02945423408792	0.85986618861758	370.933392576502	257.363136985731	0	0	0	0
329	0	2024	175.8175985724	4.50893091251106	0.694424949184917	381.786802942677	381.786802942677	0	0	0	0
330	0	2024	167.578181670984	5.87083874556464	0.420191893844305	232.922073293277	232.922073293277	0	0	0	0
332	0	2024	0	6.98449968453668	0	375.726452024517	0	0	0	0	0
340	0	2024	346.186797735776	8.04200263945311	0.812594775237928	442.04947357848	317.568780326135	0	0	0	0
343	0	2024	420.571053305883	7.96692687241873	0.823100802901091	425.177106596261	293.340350877652	0	0	0	0
346	0	2024	509.12420748868	5.13101897001234	0.887149732878729	373.876486669507	257.959203160256	0	0	0	0
347	0	2024	313.075821458716	4.08550173580592	0.866815579047189	429.388996804668	273.666531629595	0	0	0	0
350	0	2024	0		0		0	0	0	0	0
352	0	2024	508.615436658204	4.99163880027013	0.852570089542301	334.090222503051	249.179625225108	0	0	0	0
355	0	2024	114.621447071766	6.21623791864981	0.76595662854416	532.53145946172	392.47385958626	0	0	0	0
357	0	2024	516.513450988389	6.4039066028947	0.86754025466345	373.052395807955	268.094069290766	0	0	0	0
358	0	2024	593.873016259964	9.94126541964213	0.82883828022755	599.77870855542	475.551922761623	0	0	0	0
362	0	2024	556.063313347363	6.70238727899004	0.856548977729825	411.107025867825	296.703207165225	0	0	0	0
363	0	2024	456.828577184768	7.20431542045921	0.838319916792829	428.869536652578	316.120388406122	0	0	0	0
433	0	2024	0	4.04518443537244	0	252.577869330158	0	0	0	0	0
847	0	2024	598.823542156406	10.594599315218	0.764707793164257	475.445697467725	371.094639933983	0	0	0	0
849	0	2024	0	4.00266316987604	0	200.212570793743	0	0	0	0	0
1094	0	2024	1307.9356480323	3.32908062965201	0.945403055087703	222.062080582646	172.850584461645	0	0	0	0
1095	0	2024	358.575658446189	5.01717457082988	0.860456330491263	461.70231595211	337.454298444518	0	0	0	0
1205	0	2024	422.814801511336	7.05152614029032	0.816992783390507	390.262151178999	287.623477120466	0	0	0	0
1231	0	2024	936.349302396127	7.08223971861482	0.911160976150871	269.451683966602	269.451683966602	0	0	0	0
1241	0	2024	0		0		0	0	0	0	0
1245	0	2024	636.054514253027	1.5018940502782	0.949517174038553	380.913244001469	380.913244001469	0	0	0	0
1266	0	2024	0		0		0	0	0	0	0
1295	0	2024	1664.43879869941	3.91056453382842	0.910085822273158	251.062206119656	182.05807817797	0	0	0	0
1296	0	2024	294.458368566865	4.02273190142721	0.755052006258671	416.01727909315	298.610758870993	0	0	0	0
1297	0	2024	0	4.63539430026171	0	188.991268456593	0	0	0	0	0
1298	0	2024	2750.77211745368	4.09295401944589	0.939364160138643	218.961028059986	110.212470617377	0	0	0	0
1312	0	2024	809.489402004163	2.0101326739912	0.934361365028877	276.641424936218	227.211471937829	0	0	0	0
1437	0	2024	92.9380981900175	4.00465546952871	0.46647110112819	420.108232833584	347.988682840075	0	0	0	0
1439	0	2024	236.649659684413	3.25234968038773	0.947748676163933	54.8053728742816	7.48071430835538	0	0	0	0
1440	0	2024	160.80863192505	2.82555972256502	0.898432582945636	205.342767090988	205.342767090988	0	0	0	0
1441	0	2024	159.217079476274	0.599998323880719	0.85	162.937403969765	162.937403969765	0	0	0	0
1442	0	2024	119.718654361275	0.55999720943212	0.86	195.348848798039	195.348848798039	0	0	0	0
1571	0	2024	1300	2.21656796532433	0	141.95751287853	0	0	0	0	0
1580	0	2024	0	1.2709221320375	0	810.069517121631	0	0	0	0	0
1588	0	2024	0	1.63729849780698	0.969997329204293	260.602056770369	260.602056770369	0	0	0	0
1594	0	2024	4500	0.809504135180409	0.979033613626027	490.146576561627	380.862767314197	0	0	0	0
1595	0	2024	0	8.07014328668296	0.91929856713317	278.435190630745	278.435190630745	0	0	0	0
1684	0	2024	363.280328914681	5.70673593638751	0.834716628719851	350.067126728351	238.683155600453	0	0	0	0
1751	0	2024	1333.59829898831	4.13888119505972	0.939725392841332	253.019419008867	173.850184347701	0	0	0	0
1840	0	2024	388.918971862685	3.24097656411651	0.901774202322265	357.841127771262	263.72633336377	0	0	0	0
1962	0	2025	1300	3.5	0.9	220	190	0	0	0	0
2072	0	2024	0	5	0	460	0	0	0	0	0
3087	0	2024	87.316606920793	1.27393565350046	0.872606465491921	237.165448935617	237.165448935617	0	0	0	0
3089	0	2024	0	2.02951808921914	0	186.1303833982	0	0	0	0	0
3132	0	2024	0	9.74428000940319	0	469.779977539631	0	0	0	0	0
3155	0	2024	0	2.9837556660248	0.94786049625298	225.155193676709	225.155193676709	0	0	0	0
3170	0	2024	0	6.29782316989275	0	387.324010687688	0	0	0	0	0
3171	0	2024	0	6.00019159886245	0.938713923637355	273.924542443631	273.924542443631	0	0	0	0
3172	0	2024		3.5		250		0	0	0	0
3176	0	2024	0	5.2	0	269.614984391259	0	0	0	0	0
3184	0	2024	0		0		0	0	0	0	0
3185	0	2024	649.210008948224	1.62330476075496	0.976809931989215	339.272146748926	339.272146748926	0	0	0	0
3203	0	2024	692.704462997771	4.24370543320502	0.95756294566795	401.965402484431	401.965402484431	0	0	0	0
3227	0	2024	0	1.28379433000486	0	278.995191151692	0	0	0	0	0
3228	0	2024	1241.51437306479	3.35945478147988	0.954565123323237	327.656729580483	327.656729580483	0	0	0	0
127	0	2026		2		200		0	0	0	0
350	0	2025	124.978177727784	13.997237120104	0.800016252234682	156.221432199086	156.221432199086	0	0	0	0
1095	0	2025	358.575658446189	5.01717457082988	0.860456330491263	450	335	0	0	0	0
1231	0	2025	936	7.08223971861482	0.911160976150871	269.451683966602	269.451683966602	0	0	0	0
1241	0	2025	0	2.5	0	230	230	0	0	0	0
1266	0	2026		4		270		0	0	0	0
1295	0	2025	1500	3.91056453382842	0.910085822273158	250	180	0	0	0	0
1298	0	2025	2750	4.09295401944589	0.939364160138643	215	106	0	0	0	0
1312	0	2025	609	2.0101326739912	0.934361365028877	276	226	0	0	0	0
1454	0	2025	465	4.2	0.82	323	244	0	0	0	0
1751	0	2025	1200	4.13888119505972	0.939725392841332	250	165	0	0	0	0
1961	0	2025	295.061175813827	8.1584268382253	0.808906307492907	506.904900411208	406.656849056787	0	0	0	0
3184	0	2025	0	2	0	270	0	0	0	0	0
3185	0	2025	600	1.62330476075496	0.976809931989215	339.272146748926	339.272146748926	0	0	0	0
3228	0	2025	1140	3.35945478147988	0.954565123323237	327.656729580483	327.656729580483	0	0	0	0
323	0	2026	486	5.2	0.838217415991123	331	229	0	0	0	0
347	0	2026	313.075821458716	4.08550173580592	0.866815579047189	422	270	0	0	0	0
363	0	2026	449.395351145626	6.72	0.839058323645664	403	292	0	0	0	0
347	0	2027	313.075821458716	4.08550173580592	0.866815579047189	418	268	0	0	0	0
1961	0	2027	360	5	0.9	425	326	0	0	0	0
347	0	2028	313.075821458716	4.08550173580592	0.866815579047189	414	265	0	0	0	0
362	0	2028	522	6.5	0.85	400	295	0	0	0	0
318	0	2025	707.536668268447	8.52003753551766	0.807423054271049	485.563079259402	359.408281812532	0	0	0	0
319	0	2025	572.217581872111	5.78117168461626	0.854029705593598	370.797671009109	259.734553418665	0	0	0	0
