"TABLE_NAME","TABLE_TYPE"
"MSysAccessStorage","ACCESS TABLE"
"MSysAccessXML","ACCESS TABLE"
"MSysIMEXColumns","ACCESS TABLE"
"MSysIMEXSpecs","ACCESS TABLE"
"MSysNameMap","ACCESS TABLE"
"MSysNavPaneGroupCategories","ACCESS TABLE"
"MSysNavPaneGroups","ACCESS TABLE"
"MSysNavPaneGroupToObjects","ACCESS TABLE"
"MSysNavPaneObjectIDs","ACCESS TABLE"
"PRES","LINK"
"Доп_угли_1135","LINK"
"Доп_угли_1135(до_2005)","LINK"
"Доп_угли_1135_новый","LINK"
"Доп_угли_1135_новый(тест)","LINK"
"ОРГРЭС98","LINK"
"перетоки_табл","LINK"
"РЭУ91(режимы)","LINK"
"РЭУ95(режимы)","LINK"
"Списки_агрегатов_25-30","LINK"
"Станции(Схема)_22-28","LINK"
"Станции_ЕНЭС","LINK"
"Станции1135_новый","LINK"
"станции91(режимы)","LINK"
"станции95(режимы)","LINK"
"Удельные(Схема)","LINK"
"MSysACEs","SYSTEM TABLE"
"MSysObjects","SYSTEM TABLE"
"MSysQueries","SYSTEM TABLE"
"MSysRelationships","SYSTEM TABLE"
"GTD","TABLE"
"Knt","TABLE"
"KOEFF","TABLE"
"KOEFF_до 2019 года","TABLE"
"main","TABLE"
"ManufG","TABLE"
"ManufK","TABLE"
"ManufP","TABLE"
"sumvar","TABLE"
"work","TABLE"
"АПБ_2009","TABLE"
"АПБ_E_2009","TABLE"
"АПБ_EURT_2009","TABLE"
"АПБ_EWTP_2009","TABLE"
"АПБ_буфер","TABLE"
"АПБ-ОТЭТ","TABLE"
"вед_сост_стан","TABLE"
"Ведомства-для-составных-станций","TABLE"
"Волга2021","TABLE"
"Восстановление ПГ","TABLE"
"Восток2021","TABLE"
"Выбросы ЗВ","TABLE"
"Выбросы ЗВ_копия","TABLE"
"Выбросы ПГ","TABLE"
"Выбросы ПГ_копия","TABLE"
"Выбросы ПГ_копия2","TABLE"
"Газ-Уголь(список)","TABLE"
"Генераторы","TABLE"
"Годы_переходник","TABLE"
"Города","TABLE"
"Дефициты","TABLE"
"Для_котлов","TABLE"
"Доп_угли(95-97)","TABLE"
"Доп_угли(архив)","TABLE"
"Доп_угли(архив)_крпия апрель 2024","TABLE"
"Доп_угли(макет)","TABLE"
"Доп_угли1990","TABLE"
"Доп_угли2000","TABLE"
"Доп_угли2001","TABLE"
"Доп_угли2002","TABLE"
"Доп_угли2003","TABLE"
"Доп_угли2004","TABLE"
"Доп_угли2005","TABLE"
"Доп_угли2006","TABLE"
"Доп_угли2007","TABLE"
"Доп_угли2008","TABLE"
"Доп_угли2009","TABLE"
"Доп_угли2010","TABLE"
"Доп_угли2011","TABLE"
"Доп_угли2012","TABLE"
"Доп_угли2013","TABLE"
"Доп_угли2014","TABLE"
"Доп_угли2015","TABLE"
"Доп_угли2016","TABLE"
"Доп_угли2017","TABLE"
"Доп_угли2018","TABLE"
"Доп_угли2019","TABLE"
"Доп_угли2020","TABLE"
"Доп_угли2021","TABLE"
"Доп_угли2022","TABLE"
"Доп_угли2023","TABLE"
"Доп_угли2024","TABLE"
"Затраты_2018","TABLE"
"Затраты_2018_2","TABLE"
"Затраты_2019","TABLE"
"Затраты_2020","TABLE"
"Затраты_2021","TABLE"
"Затраты_2022","TABLE"
"Затраты_2023","TABLE"
"Затраты_топливо_2021","TABLE"
"И1_Поясные_расстояния","TABLE"
"имена_БЕ","TABLE"
"имена_ГК","TABLE"
"имена_ГК_старый","TABLE"
"Имена_департаментов","TABLE"
"Имена_затраты","TABLE"
"Имена_областей","TABLE"
"Имена_областей_до изм","TABLE"
"Имена_ОЭС","TABLE"
"Имена_станций","TABLE"
"Имена_станций_broken","TABLE"
"Имена_станций_до форэм","TABLE"
"Имена_станций_сломан","TABLE"
"Имена_станций_старый","TABLE"
"Имена_эк_районов","TABLE"
"Имена-итогов","TABLE"
"Имена-оборуд","TABLE"
"Классификтор_топлива","TABLE"
"Конфигурации","TABLE"
"Копия ""Станции2011""","TABLE"
"Котлы","TABLE"
"Котлы-утилизаторы","TABLE"
"Кп3т2","TABLE"
"Москва и МО","TABLE"
"Натура99","TABLE"
"Натура99_старый","TABLE"
"Новые станции","TABLE"
"Нормативные удельные","TABLE"
"оборудование(турб-котлы-генер)","TABLE"
"ОПЭС-ОТЭТ","TABLE"
"Ошибки вставки","TABLE"
"Ошибки сохранения при автозамене имен","TABLE"
"Паровые турбины","TABLE"
"Перев-коэфф","TABLE"
"Перевод-уголь-мазут","TABLE"
"Поставки угля","TABLE"
"Потребители_тепла","TABLE"
"Приложения к приказу 1340","TABLE"
"Примечания к отчету","TABLE"
"ПСУ модерн","TABLE"
"ПСУ новые","TABLE"
"Рабочая_ОРГРЭС","TABLE"
"Рабочий2021","TABLE"
"Разбивка2000","TABLE"
"Разбивка2001","TABLE"
"Разбивка2002","TABLE"
"Разбивка2003","TABLE"
"разбивка2004","TABLE"
"Разбивка2005","TABLE"
"Разбивка2006","TABLE"
"Разбивка2007","TABLE"
"Разбивка2008","TABLE"
"Разбивка-90","TABLE"
"Разбивка-91","TABLE"
"Разбивка-99","TABLE"
"Расстояния1","TABLE"
"Расстояния2","TABLE"
"Расстояния3","TABLE"
"Режимы2008","TABLE"
"Северо_Запад2021","TABLE"
"Сети","TABLE"
"Сети_2020","TABLE"
"Сечения","TABLE"
"Сечения_ограничения","TABLE"
"Сибирь_2017","TABLE"
"Сибирь2021","TABLE"
"Списки_агрегатов","TABLE"
"Список_для_ТЭПа","TABLE"
"Список_запросов","TABLE"
"Список_макетов","TABLE"
"Список_объектов","TABLE"
"Список_полей","TABLE"
"Список_условий","TABLE"
"Список-вариантов","TABLE"
"Список-для-ТЭПа1","TABLE"
"Станции(архив)","TABLE"
"Станции(архив)_копия","TABLE"
"Станции(макет)","TABLE"
"Станции(Схема)_17-27","TABLE"
"Станции(Схема)_25-29","TABLE"
"Станции(Схема)_ГС","TABLE"
"Станции_2018","TABLE"
"Станции_из_оборудования","TABLE"
"Станции1990","TABLE"
"Станции2001","TABLE"
"Станции2002","TABLE"
"Станции2003","TABLE"
"Станции2004","TABLE"
"Станции2005","TABLE"
"Станции2006","TABLE"
"Станции2007","TABLE"
"Станции2008","TABLE"
"Станции2009","TABLE"
"Станции2010","TABLE"
"Станции2010 до изменений","TABLE"
"Станции2010-1","TABLE"
"Станции2011","TABLE"
"Станции2012","TABLE"
"Станции2013","TABLE"
"Станции2013(до распределения по частям)","TABLE"
"Станции2014","TABLE"
"Станции2015","TABLE"
"Станции2016","TABLE"
"Станции2017","TABLE"
"Станции2017_до изм углей","TABLE"
"Станции2017_норильск","TABLE"
"Станции2018","TABLE"
"Станции2019","TABLE"
"Станции2020","TABLE"
"Станции2020_Павловская","TABLE"
"Станции2021","TABLE"
"Станции2022","TABLE"
"Станции2023","TABLE"
"Станции2024","TABLE"
"Станции-на рынке","TABLE"
"Станция-конфигурация","TABLE"
"Стоимость(архив)","TABLE"
"Стоимость(макет)","TABLE"
"Стоимость1990","TABLE"
"Стоимость2002","TABLE"
"Стоимость2003","TABLE"
"Стоимость2004","TABLE"
"Стоимость2005","TABLE"
"Стоимость2006","TABLE"
"Стоимость2007","TABLE"
"Стоимость2008","TABLE"
"Стоимость2009","TABLE"
"Стоимость2010","TABLE"
"Стоимость2011","TABLE"
"Стоимость2012","TABLE"
"Стоимость2013","TABLE"
"Стоимость2014","TABLE"
"Стоимость2015","TABLE"
"Стоимость2016","TABLE"
"Стоимость2017","TABLE"
"Стоимость2018","TABLE"
"Стоимость2019","TABLE"
"Стоимость2020","TABLE"
"Стоимость2021","TABLE"
"Стоимость2022","TABLE"
"Стоимость2023","TABLE"
"Стоимость2024","TABLE"
"Структура_топлива2014","TABLE"
"Структура_топлива2015","TABLE"
"Структура_топлива2016","TABLE"
"Структура_топлива2017","TABLE"
"Структура_топлива2018","TABLE"
"Таблица1","TABLE"
"Текущий_вариант","TABLE"
"Тепловые_мощности","TABLE"
"Теплопотребление_АО","TABLE"
"Теплопотребление_города","TABLE"
"Теплопотребление_станции","TABLE"
"Типовые_удельные_расходы","TABLE"
"Типы_оборудования","TABLE"
"Типы_турбин","TABLE"
"Турбины","TABLE"
"Удельные нового и  модерн оборуд","TABLE"
"Удельные(архив)","TABLE"
"Удельные_анализ","TABLE"
"Удельные1999","TABLE"
"Удельные2000","TABLE"
"Удельные2001","TABLE"
"Удельные2002","TABLE"
"Удельные2003","TABLE"
"Удельные2004","TABLE"
"Удельные2005","TABLE"
"Удельные2006","TABLE"
"Удельные2007","TABLE"
"Удельные2008","TABLE"
"Удельные2009","TABLE"
"Удельные2010","TABLE"
"Удельные2011","TABLE"
"Удельные2012","TABLE"
"Удельные2013","TABLE"
"Удельные2014","TABLE"
"Удельные2014old","TABLE"
"Удельные2015","TABLE"
"Удельные2016","TABLE"
"Удельные2017","TABLE"
"Удельные2018","TABLE"
"Удельные2019","TABLE"
"Удельные2020","TABLE"
"Удельные2021","TABLE"
"Удельные2022","TABLE"
"Удельные2023","TABLE"
"Удельные2024","TABLE"
"Урал2021","TABLE"
"Федеральные_округа","TABLE"
"Фиксированное_тепло","TABLE"
"Филиалы ГК","TABLE"
"Филиалы ГК_старый","TABLE"
"Формулы_топлива_отчёт","TABLE"
"Формулы_топлива_отчёт_до замены 2018-2021","TABLE"
"Формулы_топлива2020","TABLE"
"Цена(архив)","TABLE"
"Цена_энергии_2018","TABLE"
"Цена_энергии_2019","TABLE"
"Цена_энергии_2020","TABLE"
"Цена_энергии_2021","TABLE"
"Цена2016","TABLE"
"Цена2017","TABLE"
"Цена2018","TABLE"
"Цена2019","TABLE"
"Цена2020","TABLE"
"Цена2021","TABLE"
"Цена2022","TABLE"
"Цена2023","TABLE"
"Цена2024","TABLE"
"Ценовые индексы","TABLE"
"Центр2021","TABLE"
"Юг2021","TABLE"
"Destination","VIEW"
"Q-obor","VIEW"
"SUMNT","VIEW"
"t_2023","VIEW"
"t_2024","VIEW"
"Zpk_01","VIEW"
"Анализ таблицы KOEFF_Аня","VIEW"
"АО_по_доле_пром_потр","VIEW"
"Баланс_тепловой_мощности","VIEW"
"Вводы 2005","VIEW"
"Вводы Nt","VIEW"
"Волга","VIEW"
"Выбросы ЗВ и данные из СиПР","VIEW"
"Выбросы ПГ и данные из СиПР","VIEW"
"Выбросы_ЗВ_реестр отчитавшихся","VIEW"
"Выбросы_ПГ_реестр отчитавшихся","VIEW"
"Группы-оборудования","VIEW"
"Для расчёта формул топлива_Аня","VIEW"
"'Доп_угли2012' без подчиненных в 'Поиск повторений для Доп_угли2","VIEW"
"Запрос6","VIEW"
"Затраты по группам оборудования","VIEW"
"Изменение топлива 2023-2024","VIEW"
"Искуственый газ 2014 и 2024 годы","VIEW"
"Итог","VIEW"
"Контроль Nt","VIEW"
"Контроль количества записей в Затраты","VIEW"
"Контроль_с_н","VIEW"
"Контроль_с_н(архив)","VIEW"
"Контроль_удельных","VIEW"
"Контроль-bt","VIEW"
"Конфигурации по станциям","VIEW"
"Копия Станции_для_сводной(архив)","VIEW"
"Копия Станции_для_сводной_1990-14","VIEW"
"Котельные","VIEW"
"Макс_код","VIEW"
"макс_код_области","VIEW"
"мощности 2004-2005","VIEW"
"Нет в KOEFF_Аня","VIEW"
"Нет угля_Аня","VIEW"
"Новые станции_запрос","VIEW"
"Области-по эр","VIEW"
"Оборудование","VIEW"
"Оборудование(новый)","VIEW"
"Перевод на газ","VIEW"
"Перетоки","VIEW"
"Поиск отклонений в ценах на топливо","VIEW"
"Поиск повторений для Доп_угли2012","VIEW"
"Поиск повторений для Удельные(архив)","VIEW"
"Пост_перем_затраты","VIEW"
"Потребители_тепла_запрос","VIEW"
"Примечания к отчету(запрос)","VIEW"
"Прирост_мощности","VIEW"
"Проверка eotp и ewtp","VIEW"
"Проверка Qotr","VIEW"
"Проверка ved_для расчета btp_Аня","VIEW"
"Проверка углей","VIEW"
"Проверка филиалов для ЗВ","VIEW"
"Проверка филиалов для ПГ","VIEW"
"Проверка_разбивки","VIEW"
"Просмотр VED составных станций","VIEW"
"Просмотр котельных (95 кода оборудования)","VIEW"
"Просмотр отчётн и перспект уедльных_Аня","VIEW"
"Просмотр удельных оборудования_Аня","VIEW"
"Прочее топливо 2014 и 2024 годы","VIEW"
"Рабочий","VIEW"
"Рабочий(Выбросы_ЗВ)","VIEW"
"Рабочий(Выбросы_ПГ)","VIEW"
"Рабочий(доп_угли)","VIEW"
"Рабочий(натура)","VIEW"
"Рабочий(станции)","VIEW"
"Рабочий(стоимость)","VIEW"
"Рабочий_ОРГРЭС","VIEW"
"Рабочий-для-ввода","VIEW"
"Разбиваемые станции","VIEW"
"Расхождение архива с отчётами по годам","VIEW"
"Расчёт низшей теплоты сгорания","VIEW"
"Расчёт средней цены топлива","VIEW"
"Расчёт средней цены угля (просмотр)","VIEW"
"Расчёт цены 2","VIEW"
"расчетный_тариф","VIEW"
"Режимы2008_для_сводной","VIEW"
"Сводная для ПГ","VIEW"
"Сводная по приложениям к приказу 1340","VIEW"
"Северо-Запад","VIEW"
"Сети_РЭУ","VIEW"
"Составные-станции","VIEW"
"Списки_агрегатов_для_печати","VIEW"
"Список_станций","VIEW"
"Справка(годы)","VIEW"
"СправкаП(заголовок)","VIEW"
"Сравнение отчёта ОТЭТ и Эксель от Павловской","VIEW"
"Сравнение цены топлива из разных отчётов","VIEW"
"Сравнение_NUST","VIEW"
"Сравнение_ОТЭТ-ОПЭС","VIEW"
"Сравнение_тепл_мощн","VIEW"
"'Станции' без подчиненных в 'KOEFF'","VIEW"
"Станции без подчиненных в Стоимость","VIEW"
"Станции с Y","VIEW"
"Станции с ценой топлива","VIEW"
"Станции с частями_Аня","VIEW"
"Станции_для_новой_сводной","VIEW"
"Станции_для_сводной(2021)_ТДж","VIEW"
"Станции_для_сводной(архив)","VIEW"
"Станции_для_сводной(архив)_КПД","VIEW"
"Станции_для_сводной_1990","VIEW"
"Станции_для_сводной_2011","VIEW"
"Станции_для_сводной_2012","VIEW"
"Станции_для_сводной_2013","VIEW"
"Станции_для_сводной_2014","VIEW"
"Станции_для_сводной_2015","VIEW"
"Станции_для_сводной_2016","VIEW"
"Станции_для_сводной_2020","VIEW"
"Станции_для_сводной_2020_заменён","VIEW"
"Станции_для_сводной_2021","VIEW"
"Станции_для_сводной_2022","VIEW"
"Станции_для_сводной_2023","VIEW"
"Станции_для_сводной_2024","VIEW"
"Станции_на_угле","VIEW"
"Станции_получатели_угля","VIEW"
"'Станции2020' без подчиненных в 'KOEFF'","VIEW"
"Станции-с-одной-группой","VIEW"
"Стоимость-станции-словарь","VIEW"
"Сумма_тепл_мощн","VIEW"
"Тепло_снижение_в_1,5-2_раза","VIEW"
"Тепло_снижение_в_2 раза","VIEW"
"Тепло_снижение_в_2-3 раза","VIEW"
"Тепло_снижение_в_3_ раза","VIEW"
"Только_ОЭС","VIEW"
"Топливные затраты","VIEW"
"Удельные топливные затраты","VIEW"
"Удельные_для_печати","VIEW"
"Упрощенный запрос из архива_Аня","VIEW"
"Фильтр_станций","VIEW"
"Фильтр_станций_с_оборудованием","VIEW"
"Формулы топлива_отчёт","VIEW"
"Цена топлива и УРУТ","VIEW"
"Цена топлива и УРУТ_2021","VIEW"
"Цена топлива и энергии (просмотр)","VIEW"
"Цена топлива индексированная","VIEW"
"Часы","VIEW"
"Часы_архив","VIEW"
"Экономичность","VIEW"
"Юг","VIEW"
