id;external_code;name;name_so;database_version_id;id_regional_energy_system;id_regional_district
8550;14ed3de6-a26c-5d88-b23b-057ac9ac89d0;«Чашкинская ГТЭС»;;22;853;948
7796;2ad699ec-577b-5c36-bd53-47b9d6fcd643;АО «ЕвроХим-Северо-Запад»;;22;824;933
8294;80f9adac-4074-5aac-9bf2-15dc041949e4;Армавирская ТЭЦ;;22;838;929
7792;8b73aa2c-58db-5a11-970d-014d48ebc646;БиоТЭС Вирео Энерджи;;22;824;933
8475;77e61f2e-cf10-5025-8fde-587a4bedf07b;БКЭС «Искра»;;22;856;953
8632;dd85549c-c02e-52e4-bfc3-ab6e4c2df8f3;Бокс №4;;22;883;982
8059;099b3d88-8ab6-5ff7-9ad9-bab03345c3b5;БЦКК 110 кВ ООО «БКФ»;;22;846;941
8818;4b8c8b1d-3efb-5ef3-98f9-02475352b7b4;Ванкорская ГТЭС;;22;839;930
8623;8b51f927-82a9-5295-ac72-d8b77278169c;Ватлорская ГПЭС;;22;883;986
7782;690147a1-d5f2-55db-a6d2-d76ca55b2a26;Волховская ТЭЦ;;22;824;933
8897;e7a45ec0-3877-55b4-86d8-4adb6c5522b7;Восточная ТЭЦ;;22;854;949
8681;7d6c208f-21b6-550e-adb8-965773f3cdab;Воткинская ТЭЦ;;22;884;983
8724;e5f36766-3af0-5b19-937c-86e97fc114f8;Газопоршневая электростанция МЭК;;22;888;987
8682;5c18485a-1cdd-5736-8b52-7de65e046306;Глазовская ТЭЦ;;22;884;983
7739;d4eea708-f8cd-50f3-885d-dd5a7ea812b9;ГПТЭС-1 Воркутауголь;;22;862;959
7740;53c4e918-36f3-5744-933f-964a2ecd337f;ГПТЭС-2 Воркутауголь;;22;862;959
8270;b63b8b30-d3a6-5664-8518-b0adf2b906fc;ГПТЭС Кавказцемент;;22;834;925
7741;03daa8a6-ad41-59b1-8236-f16a90974d05;ГПТЭС ООО «Енисей»;;22;862;959
7798;f16fdc2f-d9b1-5719-a66d-81735cca2f72;ГПТЭС Петербургцемент;;22;824;933
8710;425cf697-45e0-5b91-9dd3-82649d37d713;ГПУ Южуралзолото;;22;888;987
8624;2f6af529-b08d-5b62-89ae-bfaeac7b962d;ГПЭС-1 Восточно-Елового месторождения;;22;883;986
8625;97b9ee01-b54f-5f16-823b-052e8ee3afa5;ГПЭС-2 Восточно-Сургутского месторождения;;22;883;986
8626;0c07d012-a502-532a-aaa7-5b07d1bec341;ГПЭС-3 Яунлорского месторождения;;22;883;986
7856;1ce85c15-117a-5152-a797-2f3e4f9c4ce7;ГПЭС «КЭМЗ»;;22;819;912
8471;4f2645bd-f57f-5905-b228-7132b2095dc2;ГПЭС «Метели»;;22;856;953
8670;4ed24cb8-b3e9-5bc4-b455-68fa1d29d5eb;ГПЭС 24 МВт на Приразломном месторождении;;22;883;986
8671;1abe8340-2f42-5985-818d-b3596232a187;ГПЭС Аггреко-1;;22;883;986
8672;0d7cde90-a5be-5aca-8f95-a379d40ef0ff;ГПЭС Аггреко-2;;22;883;986
8069;32544719-c163-560b-937a-1bd72ae41637;ГПЭС Азия Цемент;;22;852;947
8416;299ee163-ee04-5121-a970-429abe09125b;ГПЭС АО «Кавминстекло»;;22;877;977
8119;11b21dda-54fc-52fc-aacb-3b4af955424d;ГПЭС АО «Энергоцентр Майский»;;22;868;965
8192;afa1bb14-0d75-5242-a714-a0da6b76f421;ГПЭС Ботаника;;22;820;913
8719;baf56a1a-c07b-5f9e-affe-530b147c999b;ГПЭС Варненская;;22;888;987
8314;3b7df5f9-ea2d-54cf-9a29-a21b872c7776;ГПЭС Верхнебаканского ЦЗ;;22;838;929
9020;4de433b3-e98d-5804-9f2f-7b32293c3a16;ГПЭС Вынгапуровского ГПЗ;;22;883;991
8716;745e7b7f-cf99-5655-8f7b-b1bb5675099b;ГПЭС Карабаш-1;;22;888;987
8714;521080d0-f27d-5264-99aa-918d47c16ec0;ГПЭС КМЭЗ;;22;888;987
8646;fbea1d9b-8b73-5ed9-940b-2c69177bc150;ГПЭС КНС-2;;22;883;986
8718;aeb661e2-99be-599f-80e6-5ae7f30b8abe;ГПЭС Михеевского ГОКа;;22;888;987
8191;b4538062-27b0-5121-93ab-dc15924b89d6;ГПЭС Овощевод;;22;820;913
8664;c6f1650e-8d93-5956-9eff-51ebbc2fdcf1;ГПЭС Омбинского месторождения;;22;883;986
8721;64eb97ba-1b20-5809-8982-0665f8cbd871;ГПЭС Первомайская;;22;888;987
8657;fc87ae17-5cbe-5359-b4f3-f1049a419d55;ГПЭС Соровского месторождения;;22;883;986
8668;e91e4204-ee36-5ec6-859a-b0ee070d12c2;ГПЭС Тегусская;;22;883;982
8717;ce42e551-0bfc-5603-b296-4bd08d6e43a0;ГПЭС Томинская;;22;888;987
8188;6a1c18bd-f029-5209-859f-a8a31acbccba;ГПЭС ТПП «Волгограднефтегаз»;;22;820;913
8194;eb7e7539-24da-5636-b3fd-affbbabaa417;ГПЭС Химволокно;;22;820;913
8720;f4749e8c-9912-5f51-bee9-8b28f8c7ae13;ГПЭС ЧТПЗ;;22;888;987
8665;f616a113-d03a-540a-b36b-49aadfdddfca;ГПЭС Энергокомплекса Аггреко Евразия;;22;883;986
8709;689a8803-9808-5030-aca3-d57d089c1d4c;ГПЭС Энергоцентр г. Снежинск;;22;888;987
8088;e7f88e9b-fe8c-5e84-912e-cd08d6d95b2e;ГПЭЦМИ Кочевненского месторождения;;22;872;970
7833;cf7d5b1d-e53e-5c8e-9076-5208387a1201;ГТ ТЭЦ 123 Авиационный ремонтный завод;;22;847;942
7784;b8294cee-1b00-53dc-bacd-a2e4593b897c;ГТ ТЭЦ Балтика – СПб;;22;824;971
7922;a6d328fa-121d-5af8-ae0d-bb061f568ad9;ГТРС НЛМК;;22;842;934
8470;6fa69e9e-8b37-544d-99a1-d5a29c7e57dc;ГТУ совхоза «Алексеевский»;;22;856;953
8308;7c2e207a-b2f6-5b69-a3b9-773939829404;ГТУ ТЭС ООО «РН-Туапсинский НПЗ»;;22;838;929
9017;7ac18b71-d63f-5ed2-af3f-3458d9429a74;ГТЭС-15 «Песцовая»;;22;883;991
8548;b7b89eda-2375-5890-b64b-b676268ceb53;ГТЭС «Ильичевская»;;22;853;948
8033;04943113-2206-5d64-80fe-2b6716d5bb95;ГТЭС «Сатурн» (ГТЭС-12 МВт);;22;892;992
8613;df4bc615-3cf4-541b-b8fc-f3776ae0b97d;ГТЭС №2 Лянторского месторождения;;22;883;986
8130;5a549ef4-eeaa-51f3-9835-b26f2a1b4ca5;ГТЭС Аммоний;;22;868;965
8610;39f73f4a-4465-57e1-998c-2dd6ae7d293a;ГТЭС Биттемского месторождения;;22;883;986
8544;2bab9f8e-b828-508a-bce8-f2288a33b80f;ГТЭС БКПРУ-4 ПАО «Уралкалий»;;22;853;948
8607;f3d0b857-4a46-5e84-ad51-a873231acc89;ГТЭС Верхненадымского месторождения;;22;883;986
8615;f6bbfa14-6c26-5e85-9ff2-64afb06fbbb1;ГТЭС Западно-Камынского месторождения;;22;883;986
8634;370d2609-59cd-5042-bda7-d75c20da6abe;ГТЭС Западно-Малобалыкского месторождения;;22;883;986
8648;7630a464-ea14-57ba-952d-ed27db3c6831;ГТЭС Западно-Салымская;;22;883;986
8605;011ae130-d169-5902-98dd-02a5d67e3674;ГТЭС Западно-Чигоринского месторождения;;22;883;986
8608;e272c502-15fe-5f6f-be72-8b362c9901a8;ГТЭС Конитлорского месторождения;;22;883;986
8611;e04c379d-1d62-57d3-8faa-8e32f1b4ecd5;ГТЭС Лукъявинского месторождения;;22;883;986
8616;95db56eb-2b72-5964-bf23-79239f29d53d;ГТЭС Мурьяунского месторождения;;22;883;986
8619;311c39d9-1c24-5dd7-9e5c-e27024f8c803;ГТЭС Рогожниковсковского месторождения;;22;883;986
8609;9ae73215-7311-5f5d-bc66-d9adc65476ff;ГТЭС Русскинского месторождения;;22;883;986
8618;ff6092bf-a4bc-514f-8952-a3fcc2ceb5bc;ГТЭС Северо-Лабатьюганского месторождения;;22;883;986
8547;ba47866b-6354-5ff0-bd28-92a521fe06e2;ГТЭС Сибур-Химпром;;22;853;948
8669;0f4fa97c-5f0a-5b38-aa4e-7ea7ec077458;ГТЭС Тегусская;;22;883;982
8606;2c3ea1df-0d85-5452-859e-6a220444648e;ГТЭС Тромъеганского месторождения;;22;883;986
8667;2692a46c-a2e7-5d00-a527-cac2095e3f29;ГТЭС Тямкинская;;22;883;982
8630;408a1315-87a3-5314-8540-b21feaca9fb4;ГТЭС Федоровского месторождения;;22;883;986
8658;3a92df3c-464b-54ae-9064-1feb3d50ef08;ГТЭС Южно-Нюрымского месторождения;;22;883;982
8604;37bd8a7c-06d7-5289-95c4-1ab843679490;ГТЭС Южно-Приобская;;22;883;986
8617;b16ea466-5495-5815-8b3d-8c6974dc306e;ГТЭС Юкъяунского месторождения;;22;883;986
9019;ca53cce1-f073-5856-8500-022cc7bad3b9;ГТЭС Юрхаровского НГКМ;;22;883;991
8620;fe08a2d2-5bfa-564a-9c61-02d9037ab383;ГТЭС№2 Рогожниковсковского месторождения;;22;883;986
8133;6ec95095-77d6-5c42-87b0-bcb5713e947e;ГТЭУ-18 АО «КМПО»;;22;868;965
8412;7e5583d9-90fb-5a16-9b62-e6d4c6a96e30;ЗАО «Южная Энергетическая компания» (Лермонтовская ТЭЦ);;22;877;977
8622;c5131f40-1ce6-5c10-b56a-784654164cac;Западно-Сахалинская ГПЭС;;22;883;986
8333;d287ef14-b6e3-53e4-8eec-e0d0bfd8ac3c;Индустриальный ГПЭС;;22;838;929
8207;685402ab-b0df-5c1b-a929-285a012afde2;Карбоновая ТЭЦ;;22;820;913
7890;660089bf-2355-57a4-8812-b946f17fc3c3;КБК энерго;;22;832;923
8614;36126499-6e47-5ab8-abc6-4d24270bcd77;Конитлорская ГТЭС-2;;22;883;986
8002;7c10da8c-1af6-5a23-ab8d-1373c69cf3e1;Котовская ТЭЦ-1;;22;879;978
8117;da1187f1-b66d-563a-b6cf-a3d1b5d1886d;Лемаевская ПГУ;;22;868;965
8693;1846fc69-d2d6-55c5-9049-0af2df242293;Магнитогорская ТЭЦ;;22;888;987
8696;8b25321d-2b63-5b61-8ceb-7dafcedffa0d;Магнитогорская ЦЭС;;22;888;987
8316;f0709469-a03e-5e5a-9c85-f17a8f527f14;Металлургическая ГПЭС;;22;838;929
7946;ad47a079-377a-599e-8bb7-00791534e2bc;Мини-ТЭС «Курьяново»;;22;823;937
7942;1aef53e0-183d-5b96-a1d7-3e6474621b4a;Мини-ТЭС Люберцы;;22;823;937
8135;444cd5b0-0e43-5f2a-8829-3743092d770b;Мини-ТЭС ООО «ТК «Майский»;;22;868;965
8120;88d16b18-967e-5f8f-ba74-314e8aa22694;Мини-ТЭЦ №2 АПТС;;22;868;965
8121;4fbd8654-09d6-5b7b-8de8-ec309dc9d816;Мини-ТЭЦ №3 АПТС;;22;868;965
8122;f59415a1-15ca-59ea-b5a0-1b161317d29b;Мини-ТЭЦ №4 АПТС;;22;868;965
8573;88e308f4-6807-58d6-9d34-726986080eef;Мини-ТЭЦ АО «СУМЗ»;;22;875;974
8125;5d5a4274-b132-5ead-976b-c8b4c5ccec57;Мини-ТЭЦ Кастамону;;22;868;965
8581;bde8800d-ba5a-56a5-9be1-27edc39e076f;Мини-ТЭЦ ПСЦМ АО «Уралэлектромедь»;;22;875;974
7745;404157be-a7f6-5597-8f34-3dfb3fc20c1d;Мини-ТЭЦ СевЛесПил;;22;862;959
8684;08aa0a9d-0735-5f74-8dcb-b0c6dab8a8ab;Мини-ТЭЦ Удмуртские тепловые сети;;22;884;983
8038;86588219-eb64-52fa-8766-f4c30659ea16;Мини-ТЭЦ ЭКО;;22;892;992
8127;5293ffa1-f17f-50d7-933b-5d64685304a8;Мини ТЭС ГПУ-1;;22;868;965
8128;1f6459d1-5f15-5a26-af38-4f41430018c6;Мини ТЭС ГПУ-2;;22;868;965
8129;411f6d83-3ab3-5f3a-937c-71c09a9da917;Мини ТЭС ГПУ-3;;22;868;965
8493;dd05a320-11cc-5e65-84fb-dae5e008dcba;Мини ТЭС НТПН;;22;836;927
7923;6de6c9a6-2cf1-5026-a280-15769a5fad0b;Мини ТЭЦ ТК ЛипецкАгро (МиниТЭЦ-1);;22;842;934
8315;e4f734c9-c971-5578-a692-b49e226b37a1;МиниТЭС – винного завода «Фанагория»;;22;838;929
7867;5abc7964-c4cb-57e6-9e6f-501cd6b77fcf;МТЭЦ Белый Ручей;;22;821;914
7944;d688b414-f9ec-5113-84ec-6ce8b367f7d9;Мусоросжигательный з-д №3;;22;823;937
8580;8de25e76-3a56-5e24-b1ca-e55bbe4ee9d1;Невьянская ТЭС;;22;875;974
8053;cf5b831d-f682-5e44-93eb-fd7b7c708149;Нижегородская ГРЭС;;22;846;941
7945;841e532e-77b3-5453-b572-e57455323fe7;ОП Руднево;;22;823;937
8048;82007765-29f6-544e-bf21-fc1fbbfa996f;ПГЭС Мордовцемент;;22;865;962
8020;61b925e6-78a9-5e3d-86df-fa8165a59cbc;Первомайская ТЭЦ;;22;882;981
8537;fa3cea05-c374-506e-a19c-1ce87a5433a3;Пермская ТЭЦ-6;;22;853;948
8293;75038cb8-23b0-5f91-8de7-1dd302dc1ea6;Приазовская ТЭЦ (Газотурбинная электростанция «МОТОР СИЧ ЭГ6000Т-Т10500-ЗВНМ1УХЛ1»);;22;838;929
8603;b3b6f109-b599-5664-ad16-abbc81331715;Приобская ГТЭС;;22;883;986
8705;c36ab2f3-6886-5362-98c7-0e2c380b26b7;ПСЦ ММК;;22;888;987
8574;d655bcdc-ed99-5cda-9dc1-11a6d66b370f;ПТУ ПАО «СУМЗ»;;22;875;974
7947;cd0b5ab1-9df8-5925-83e2-bc4db1371537;ПЭГА ГРП Южная;;22;823;937
8543;d90194d1-054c-539c-98df-b74481aaa12e;Соликамская ТЭЦ;;22;853;948
8582;8e2c97a9-e422-53db-ad55-4480ad08f4ff;Теплоэлектростанция АО «Уральская фольга»;;22;875;974
7791;2ba3eef9-b578-575b-8f03-d4217c2d2bb5;Тихвинская ТЭЦ;;22;824;933
9053;7ebdeb95-a165-551e-b8ca-40d19d9091b6;Томаринская ТЭЦ;;22;874;973
8698;0042eb32-bd02-5ab1-ab12-48221cb35fe6;Тургоякская ТЭЦ;;22;888;987
7720;b244007a-1cbb-595f-b0f0-fcba19c87931;ТЭС-1;;22;861;958
7666;e87afa45-f038-5242-a5d2-7352745c6a73;ТЭС-1 Архангельского ЦБК;;22;815;908
7719;623a40c7-2ff5-5a21-9201-923c8a49f8da;ТЭС-2;;22;861;958
7667;fab085ed-6e6b-5903-a4fb-c0b6f3506471;ТЭС-2 Архангельского ЦБК;;22;815;908
7670;497ac951-c546-5ccd-bacd-404f03b5c65f;ТЭС-2 ЭнТЭС ПЛ «Энергетика»;;22;815;908
7668;e79a0ca8-839a-5057-8035-c684714f2bee;ТЭС-3 Архангельского ЦБК;;22;815;908
7799;d86aeba7-9aa4-597d-bece-efbe6b7f9822;ТЭС АО «Петербургский тракторный завод»;;22;824;971
7793;93a4125a-8ffa-536e-85c5-f96df5c82feb;ТЭС ВВСС (Воздушные Ворота Северной Столицы);;22;824;971
8198;a1d97ce6-c13c-5840-b2e1-27823cc0a903;ТЭС Волгоградского алюминиевого завода;;22;820;913
8240;e95a4be8-b858-5085-8095-d08c8e2daa59;ТЭС Гидрометаллург;;22;830;921
8313;9f232474-dd38-555e-9f1a-708ecc309642;ТЭС ГТЦ Газпром;;22;838;929
8189;ee811e6a-55eb-56bd-98d9-e4b5d900f528;ТЭС Жирновской компрессорной станции;;22;820;913
8195;27343b93-3e1c-5824-b9d6-051b3f9f9c7c;ТЭС Каргилл;;22;820;913
8124;6786203a-722f-5574-8b5c-d9d1eb77528d;ТЭС Нижнекамсктехуглерод;;22;868;965
8584;646420e6-1da4-5d57-8bd0-8dcb74edf886;ТЭС ООО «Аггреко Евразия»;;22;875;974
7794;cb6f35b1-4590-536d-ad9d-1fe4af3636ab;ТЭС ООО «Айкон Тайерс»;;22;824;933
8546;6a129ce3-95c9-53ba-9238-b9c530803018;ТЭС ООО «ЛУКОЙЛ-ПНОС» (ЭСН ООО «ЛУКОЙЛ-Пермнефтеоргсинтез»);;22;853;948
7788;cc006756-9fb3-5a33-a278-2ee7078cbe8c;ТЭС Петербургтеплоэнерго;;22;824;971
7744;237cb276-7995-5cd9-8fb3-e4ed523ba419;ТЭС Плитный мир;;22;862;959
7873;29da0793-04c0-54f9-ab51-e06a1722f376;ТЭС ФК «Новатор»;;22;821;914
7722;bdbd452a-71b5-52d3-88d2-e47f08a5111e;ТЭЦ-1;;22;861;958
8701;4c98db9c-996f-5627-9829-6badfbb69d29;ТЭЦ-1 ЗЭМЗ-Энерго;;22;888;987
8081;7afcd62e-367f-5659-a1fd-967e42154c5f;ТЭЦ-1 КНПЗ;;22;872;970
7686;f70be489-2f62-50ea-b247-7c9455ef5825;ТЭЦ-10 Советского ЦБЗ;;22;831;922
8082;b75decbd-2639-54c9-9be7-d6b6dad6cb2f;ТЭЦ-2 КНПЗ;;22;872;970
7773;7ff8327e-0084-50c8-9078-ededfa78ff45;ТЭЦ-3 Светогорского ЦБК;;22;824;933
8024;1c8b9ada-89f1-5c63-ae5e-477ba5989f77;ТЭЦ-ПВС КМЗ;;22;882;981
8023;252c86f4-4225-505b-9958-2408805dce30;ТЭЦ-ПВС Тулачермет;;22;882;981
7851;f431adbc-dd44-5660-af35-4ab6d07c1b9b;ТЭЦ «Ника» (ТЭУ «Ника»);;22;817;910
8032;6f775c6a-7cde-592a-be41-d2a72056d045;ТЭЦ «Сатурн» (ТЭЦ машинный зал КТЦ ГТЭС-6 МВт);;22;892;992
7835;501a938f-1790-525d-ac63-377b61f33ccf;ТЭЦ Акрон;;22;847;942
8456;7002f4d3-0a19-55c4-8649-15e9ee3ac6cd;ТЭЦ АО «БСК»;;22;856;953
8084;406f590b-3106-5bde-9af1-49e2d0e76b69;ТЭЦ АО «Газэнергострой»;;22;872;970
8067;b57f5ad7-21a0-5a9c-b245-797db2093385;ТЭЦ АО «Земетчинский сахарный завод»;;22;852;947
8713;a0a21b28-4421-5e88-8ab0-d57d0b2d6540;ТЭЦ АО «Златмаш»;;22;888;987
8043;d9968ce4-6fa3-5e13-9c4b-e4db6c7356e2;ТЭЦ АО «Марийский ЦБК»;;22;864;961
7986;b2475969-42a6-573f-b502-e050b417b265;ТЭЦ АО «Мценский завод «Коммаш»;;22;851;946
8566;ce38fc91-635f-5d8e-97ee-1ddd43e328d5;ТЭЦ АО «Научно-производственная корпорация «Уралвагонзавод»;;22;875;974
8571;1e3afeeb-67fc-59c4-8957-a82b6215ceec;ТЭЦ АО «Синарский трубный завод»;;22;875;974
8413;82c14d13-4951-599a-bbff-e7cef8bab9d1;ТЭЦ АО «Ставропольсахар»;;22;877;977
7789;ba20022f-812c-5766-b1b5-28cf4aa20215;ТЭЦ АО «ТЭК СПб»;;22;824;971
7909;050e1359-e1c5-59f4-ba15-d19889ca6675;ТЭЦ АО «ТЭСК»;;22;841;932
8508;fce9b804-baf3-515b-9b07-bc7dafd09871;ТЭЦ АО «Уральская Сталь»;;22;850;945
8496;018f0675-ae93-54b1-978b-f5e20d6bfe58;ТЭЦ АО «Шадринский автоагрегатный завод»;;22;840;931
8711;e74a9069-518b-5c3f-8c14-798867faa330;ТЭЦ Ашинский металлургический завод;;22;888;987
8098;a6ea18a5-3b8a-505e-a079-6dfaae14b839;ТЭЦ Балаковского филиала «Апатит»;;22;873;972
8393;d5a09a32-9101-5257-a231-d2cd2466176f;ТЭЦ Бесланского маисового комбината;;22;867;964
7832;7b3a110a-22f2-54b8-a284-12040d17ace9;ТЭЦ Боровичский комбинат огнеупоров;;22;847;942
7783;e8ee46aa-f1f9-5509-96ce-d4991540f70c;ТЭЦ БС «Сосновоборская»;;22;824;933
8118;13857e97-c0d4-59ba-b0f6-c96618b242ea;ТЭЦ Буинского сахарного завода;;22;868;965
7847;6921eed1-4c48-5d2c-9f6b-3d1ca7de1281;ТЭЦ Валуйкисахар (ПП Валуйки);;22;817;910
8568;f2ab87c1-aa8c-5ce7-a630-89484e4d6fb6;ТЭЦ ВИЗа;;22;875;974
8712;afdbc459-e520-5ac3-8ee7-74cc4d3db6da;ТЭЦ Вишневогорский ГОК;;22;888;987
8199;91cb6585-051c-5142-86f2-98e534d77b46;ТЭЦ Волгоградского ф-ла Омсктехуглерод;;22;820;913
8190;6c2e0d50-622d-5300-85d7-df7ed82d387e;ТЭЦ Волжский оргсинтез;;22;820;913
7863;84cd296c-adc5-5a1c-a6b0-b89f7395d4aa;ТЭЦ ГУБТ Северсталь;;22;821;914
7848;9cbea3ee-4c7b-559e-8f67-59d58b550ebd;ТЭЦ Дмитротарановского сахарного завода;;22;817;910
7916;ea928e97-0cc1-54b4-be49-a3fb8c9a33c7;ТЭЦ Добринского сахарного завода;;22;842;934
8279;fb44ab9d-c72c-5771-93c2-4600c077b9b0;ТЭЦ ЕвроХим-БМУ;;22;838;929
7840;1f2815b6-4de1-5582-8e6b-6ce7624541e4;ТЭЦ Завод ЭлектроТехнического Оборудования;;22;855;950
8278;63c362ed-4562-5f60-81ff-c306002398ce;ТЭЦ ЗАО «Картонтара»;;22;838;951
8004;2dd0aac2-e188-5b22-ac4f-536e3569d936;ТЭЦ Знаменского сахарного завода;;22;879;978
7906;2b8352b6-58e2-53e4-beec-3ea0e4f60003;ТЭЦ Золотухинского сахарного завода (ТЭЦ ЗЛТ);;22;841;932
7785;d98c8431-7868-5469-ab5b-08a405365dc8;ТЭЦ КНАУФ ПЕТРОБОРД;;22;824;933
7827;5bcefa03-d733-51c1-8501-306b25396e32;ТЭЦ Ковдорского ГОК;;22;845;939
8700;3319a788-79e5-5c44-acfe-a237fb0d3408;ТЭЦ Комбинат Магнезит;;22;888;987
8300;82a77599-50a8-51fa-a3f3-9aa7ce40911f;ТЭЦ Краснодарского масложиркомбината;;22;838;929
7850;2735160d-6dac-5b37-8d7b-c5a3558b9351;ТЭЦ Краснояружский сахарник;;22;817;910
7905;77523b18-4881-58cb-9355-7ba1707e27ee;ТЭЦ Кривецкого сахарного завода;;22;841;932
8354;0b0f6322-a8db-5fe4-994b-30c01fce229d;ТЭЦ Крымский содовый завод;;22;863;960
8355;c6131dd2-e62c-5ede-8318-28fb98b7a092;ТЭЦ Крымский Титан;;22;863;960
7889;16030824-2885-5edb-a1c1-3990d00a4174;ТЭЦ КТЗ;;22;832;923
7893;6789c818-6f42-5e77-8f44-b64a76a9e50b;ТЭЦ КТЗ пл. Турынино;;22;832;923
7984;3c742c13-a8c3-5d6f-9cf7-df2c6399d0a1;ТЭЦ Ливенского сахарного завода;;22;851;946
7915;e8686929-78ca-5cab-95c1-9f4ca532882e;ТЭЦ ЛТК «Свободный сокол»;;22;842;934
8187;0c7e58e8-c610-5a0d-a14c-191e5b71f6cc;ТЭЦ Михайловских тепловых сетей;;22;820;913
7964;d18cc5ca-9426-5156-8fb0-23fdd02eba0c;ТЭЦ МОФ «Мечел-Энерго»;;22;823;938
8494;e19719d8-fa04-5ca6-b0fd-f1b17140c86c;ТЭЦ МУП «КТС»;;22;836;927
8565;01707842-e1af-5366-ab0d-73de236854cb;ТЭЦ Нижнетагильского металлургического комбината;;22;875;974
8141;979193e8-17d4-5ab2-9034-edd7569fc648;ТЭЦ НИИАР;;22;885;984
8003;ed8e38c4-204b-573f-a542-81133fafbe96;ТЭЦ Никифоровского сахарного завода;;22;879;978
8083;e3c1c2c1-26db-5181-9be0-02aa2c3decd2;ТЭЦ НкНПЗ;;22;872;970
7914;68f7053f-b011-5c5e-8577-11e74042c063;ТЭЦ НЛМК;;22;842;934
7775;0d84c76b-fa81-56f1-9db9-f12ada1375e1;ТЭЦ НПО ЦКТИ;;22;824;971
8295;ca2bd7da-c248-5068-a77d-4e35e6c50c9f;ТЭЦ НСРЗ;;22;838;929
8239;db2f9b23-db43-589f-9f2a-d34cc52e341b;ТЭЦ НХК г. Нальчик;;22;830;921
8066;598ccd9f-c368-52f0-af6c-1378cc4f472e;ТЭЦ ОАО «Атмис-сахар»;;22;852;947
7778;a6209295-b5b2-54e6-9e42-f301d4b24cfc;ТЭЦ Обуховоэнерго;;22;824;971
8492;5772a317-9674-5f20-bc9f-809091c4e307;ТЭЦ ОМЗ;;22;836;927
8683;46c82d54-87c9-5c9a-8c26-57b8a830bb94;ТЭЦ ООО «Автокотельная»;;22;884;983
8068;ee4285c0-c575-5d41-aa02-92ed38870161;ТЭЦ ООО «Бековский сахарный комбинат»;;22;852;947
8006;d72e9d78-4a75-5144-9626-2ca3cbd7915f;ТЭЦ ООО «Кристалл»;;22;879;978
8542;9c269eee-3e6c-5db0-a77f-f027d0c41efd;ТЭЦ ООО «Лысьва-теплоэнерго»;;22;853;948
8046;804be910-f4a6-5206-93f0-f4ed4bf83513;ТЭЦ ООО «Ромодановосахар»;;22;865;962
8507;703445c6-9b7b-57e1-8ea3-605c7ff03fb9;ТЭЦ ПАО «Гайский ГОК»;;22;850;945
8586;afa97e5f-95c3-50ea-9aa2-166e8d9fa9a6;ТЭЦ ПАО «НМЗ»;;22;875;974
8706;79cfae29-e34a-542b-a627-873bdaf8dbad;ТЭЦ ПАО «Уральская кузница»;;22;888;987
7861;9a990019-5ad7-5712-b812-7f1cc6c81228;ТЭЦ ПВС Северсталь;;22;821;914
7777;88e525a8-516a-5afa-8758-04d72c5bc219;ТЭЦ Пикалёвского глинозёмного завода;;22;824;933
7669;70555d35-97b8-5ce6-b56e-5f05a70ba111;ТЭЦ ПЛ «Энергетика»;;22;815;908
8479;2f7abdac-2001-5c59-bd5b-22ad17360f7f;ТЭЦ Раевсахар;;22;856;953
7721;45c40776-ecbb-5ebd-9cbf-f5064fbc4392;ТЭЦ РК-Гранд;;22;861;958
8373;28f2a334-2813-5876-a607-382456d75da3;ТЭЦ Ростсельмашэнерго;;22;870;968
7779;eff1593d-7081-5d5f-b661-1ae09a05c607;ТЭЦ РУСАЛ Бокситогорск;;22;824;933
7849;2ebb40e6-f4ca-58b9-9b7b-f7db1671a65e;ТЭЦ сахарного комбината «Большевик»;;22;817;910
8673;0ff7544b-4f33-58f4-a3b4-825ed5f608ff;ТЭЦ Свеза Тюмень;;22;883;982
8585;7b99dc6c-203f-51a0-961e-b10f7d2a4435;ТЭЦ Синергия;;22;875;974
7776;1e5ed958-93a7-5d66-9d10-7a2b0dbf72dc;ТЭЦ СЛАНЦЫ;;22;824;933
7735;72c41b54-afa3-5103-9a8c-8617f56cc9c1;ТЭЦ СЛПК;;22;862;959
7943;9d2391ce-80b1-5b9f-92a0-fa44f97ff105;ТЭЦ Спецзавод №2 (Спецзавод №2);;22;823;937
7780;5ef7b92c-e9ea-5f96-a810-7f4640a2cf90;ТЭЦ Сясьский ЦБК;;22;824;933
8699;d8e71342-89b0-5813-9118-f5cf748e631d;ТЭЦ УралАЗ;;22;888;987
8567;be314a34-db38-54be-b26a-d45e6805017c;ТЭЦ Уральского турбомоторного завода (ТЭЦ ТМЗ);;22;875;974
7965;aa24cbb4-5580-5e34-8d20-b7e8b9475535;ТЭЦ филиала «ВМУ» в г. Воскресенске;;22;823;938
8052;45057e8d-fa3b-515e-8fd4-ff20975d6e6a;ТЭЦ ФКП «Завода имени Я.М. Свердлова»;;22;846;941
7862;2f39c470-d823-50c7-90ab-293cd953330e;ТЭЦ ФосАгро-Череповец;;22;821;914
7781;5e6889af-d125-590c-bf8b-c2b4355fe851;ТЭЦ Фосфорит;;22;824;933
7894;f4cb8494-9d11-5469-8d40-cc3a6a7ec5c2;ТЭЦ ФЭИ;;22;832;923
8126;b9cee5c4-ec08-557a-9dcc-d21a7c4863df;ТЭЦ Хаят Кимья;;22;868;965
8549;652647ad-cc95-5601-85be-3803310fe829;ТЭЦ Химпром (ТЭС АО «Камтэкс-Химпром»);;22;853;948
8695;ab37b68e-6146-54cc-bc83-703bca489c27;ТЭЦ ЧМК;;22;888;987
7864;32e90fbb-e27c-5a0a-9f7b-076647ef4e8b;ТЭЦ ЭВС-2 Северсталь;;22;821;914
7972;257957c0-8b22-56b8-95b2-d8e99133e927;ТЭЦ Энергоцентра Томилино;;22;823;938
8034;14acf8a3-47b2-5850-8c72-4d0a7bf5a7df;ТЭЦ Ярославский технический углерод;;22;892;992
7746;97fe4047-b669-572f-add3-0b1d9a594b88;Усинская ТЭЦ;;22;862;959
7924;e4c53ac5-2f63-5c09-a372-4813fe90e65e;УТЭЦ-2 ПАО «НЛМК»;;22;842;934
7797;86b79426-62e4-5a41-a602-44a28b83d2cb;УТЭЦ ВФ АО Апатит;;22;824;933
7880;ed02ae42-62fb-564b-9da7-2219c04db65f;УТЭЦ Котельного цеха;;22;822;915
7921;3b68c393-b4cb-556a-aab5-a454e96560b8;УТЭЦ НЛМК;;22;842;934
7871;3719dc60-110d-5403-b719-a1571e3d460f;УЭС ТСЦ Северсталь;;22;821;914
9018;68454382-e263-5bf4-9d4a-a9b223d7ae9a;Харвутинская ГТЭС-15;;22;883;991
9054;4daeb1f0-f222-5f10-9643-3fb0d5b59510;Холмская ТЭЦ;;22;874;973
9007;ce413d99-2c2d-527f-9fc7-f7fe7ddb2167;Чаяндинская УКПГ-3 (ЧЭСН 72 УКПГ-3);;22;866;963
8633;9065dcfe-f8f5-5916-8626-44829bcbf54e;Электростанция собственных нужд Приразломная;;22;883;986
7800;8eb7e807-2b32-5f43-8200-ee9994096714;Энергетический центр г. Санкт-Петербург;;22;824;971
7895;8893317a-ffc7-5b97-b783-0957593ad68f;Энергоблок 1.8 ХАЯТ;;22;832;923
8583;86f27ec3-5ded-50fb-80ec-6ff525cdf28d;Энергокомплекс г. Нижние Серги;;22;875;974
8116;5142d731-765f-5acc-ac22-829fb0a5468f;Энергостанция ПАО «Нижнекамскнефтехим»;;22;868;965
8123;eaac142b-1863-5c79-8b1c-ab5ebbbba017;Энергоцентр;;22;868;965
8590;d7ddb38b-653c-549b-ade6-0396cc663f83;Энергоцентр «Березовский»;;22;875;974
8318;215229be-9a02-5973-83c9-3046cca7011a;Энергоцентр Головной компании;;22;838;929
8025;b182e184-232e-5e17-9832-496511de9b69;Энергоцентр ООО «Каргилл»;;22;882;981
8500;530c34f1-5373-536e-a79c-fdaee4dba8ce;Энергоцентр с ГПГИ-4,3 МВт;;22;840;931
8329;72b25be3-963c-535d-881b-b70ec4009178;Энергоцентр ст. Выселки;;22;838;929
8070;6ad156d0-0b72-5b2d-949f-c33d613ae6f2;Энергоцентр ЧМПЗ;;22;852;947
8260;54e2ba6b-0a83-5801-ab7a-d6a2abe0bc9e;Эркен-Шахарская ТЭЦ;;22;834;925
7870;71c22095-344a-51cd-beb7-809afa513015;ЭСН КС-15 Нюксенского ЛПУ МГ;;22;821;914
7872;4f510cab-a76d-588f-9c02-762171a7c225;ЭСН КС-16 Юбилейного ЛПУ МГ Газпром;;22;821;914
7742;99ded59a-dc00-5ebd-af73-e67e8631380e;ЭСН КС «Синдорская»;;22;862;959
7736;3b099e31-75ad-5c27-8cfa-b200fa6d714c;ЭСН КС Вуктыльская;;22;862;959
7738;44b7fe75-2a34-5428-ab1a-3927f5fd4baf;ЭСН КС Микуньская;;22;862;959
7795;7a65ae38-8d7a-5c6e-9a8e-6b0c3c8629aa;ЭСН КС Портовая;;22;824;933
7737;0851e4cd-2a00-59c6-b12e-b708eccd8984;ЭСН КС Ухтинская;;22;862;959
8049;296f3d2c-489e-5891-b376-7b65d2b82467;ЭСН Торбеевского ЛПУМГ;;22;865;962
9016;385d51a9-745c-58a4-a183-b0aaa8b20038;Ямбургская ГТЭС;;22;883;991
7747;b0307356-220a-5f20-a27a-5fef6f51eea1;Ярегская ТЭЦ;;22;862;959
